Workbook

Sheet Data Entry Sheet
AS1: VRIN | AU1: TRIN | AW1: DRIN | AY1: RV | BA1: DEV | BC1: II | BE1: NT | BG1: MIS | BI1: MAN | BK1: AGG | BM1: SH | BO1: LOSE | BQ1: SUPR | BS1: EP | BU1: DEP | BW1: PT | BY1: EXH | CA1: ENT | CC1: DET | CE1: DIS | CG1: IMP | CI1: PRP | CK1: WRK | CM1: ParPD | CQ1: SzdPR | CU1: StpPD | CY1: ASPD | DC1: BPD | DG1: HPD | DK1: NPD | DO1: AvPD | DS1: DpnPD | DW1: OCPD | EA1: DprPD | EE1: PAPD
B2: SNAP-390 Scoring Program (© 2014 Lee Anna Clark & Leonard J. Simms) | AE2: Name | AF2: Number | AG2: Date | AH2: Clinician | AI2: items 1-60 | AJ2: items 61-120 | AK2: items 121-180 | AL2: items 181-240 | AM2: items 241-300 | AN2: items 301-360 | AO2: items 361-390 | AP2: Char err | AQ2: Length err | AR2: Omits | AS2: Raw | AT2: T | AU2: Raw | AV2: T | AW2: Raw | AX2: T | AY2: Raw | AZ2: T | BA2: Raw | BB2: T | BC2: Raw | BD2: T | BE2: Raw | BF2: T | BG2: Raw | BH2: T | BI2: Raw | BJ2: T | BK2: Raw | BL2: T | BM2: Raw | BN2: T | BO2: Raw | BP2: T | BQ2: Raw | BR2: T | BS2: Raw | BT2: T | BU2: Raw | BV2: T | BW2: Raw | BX2: T | BY2: Raw | BZ2: T | CA2: Raw | CB2: T | CC2: Raw | CD2: T | CE2: Raw | CF2: T | CG2: Raw | CH2: T | CI2: Raw | CJ2: T | CK2: Raw | CL2: T | CM2: Raw | CN2: T | CO2: Crit# | CP2: Dx? | CQ2: Raw | CR2: T | CS2: Crit# | CT2: Dx? | CU2: Raw | CV2: T | CW2: Crit# | CX2: Dx? | CY2: Raw | CZ2: T | DA2: Crit# | DB2: Dx? | DC2: Raw | DD2: T | DE2: Crit# | DF2: Dx? | DG2: Raw | DH2: T | DI2: Crit# | DJ2: Dx? | DK2: Raw | DL2: T | DM2: Crit# | DN2: Dx? | DO2: Raw | DP2: T | DQ2: Crit# | DR2: Dx? | DS2: Raw | DT2: T | DU2: Crit# | DV2: Dx? | DW2: Raw | DX2: T | DY2: Crit# | DZ2: Dx? | EA2: Raw | EB2: T | EC2: Crit# | ED2: Dx? | EE2: Raw | EF2: T | EG2: Crit# | EH2: Dx?
B3: v1.1 (July 2003): Scores the 390-item version of SNAP | AE3: =C5 -> Alex Carter | AF3: =C6 | AG3: =C7 | AH3: =C8 | AI3: =C11 -> 222121222122222221222222111211222221122222222222222212122212 | AJ3: =C12 -> 112122222222211211212211222212221121222222222222222222222222 | AK3: =C13 -> 222122222212121222122222212111211211222222211211222221121111 | AL3: =C14 -> 112121222212222221111122212222222222222222222222222222222221 | AM3: =C15 -> 212222221212112112222211222222222222222222212222222222122221 | AN3: =C16 -> 222221212221212212122211212121122222211221212222222222222222 | AO3: =C17 -> 221222222222222222222222222222 | AP3: =C20 -> 0 | AQ3: =C21 -> 0 | AR3: =C22 -> 0 | AS3: =V10 -> 9 | AT3: =W10 -> 67 | AU3: =V11 -> 11 | AV3: =W11 -> 26 | AW3: =V12 -> 17 | AX3: =W12 -> 40 | AY3: =V13 -> 3 | AZ3: =W13 -> 50 | BA3: =V14 -> 7 | BB3: =W14 -> 71 | BC3: =V16 -> 28 | BD3: =W16 -> 74 | BE3: =V19 -> 3 | BF3: =W19 -> 40 | BG3: =V20 -> 4 | BH3: =W20 -> 49 | BI3: =V21 -> 3 | BJ3: =W21 -> 47 | BK3: =V22 -> 6 | BL3: =W22 -> 58 | BM3: =V23 -> 6 | BN3: =W23 -> 66 | BO3: =V24 -> 3 | BP3: =W24 -> 65 | BQ3: =V25 -> 3 | BR3: =W25 -> 63 | BS3: =V26 -> 2 | BT3: =W26 -> 44 | BU3: =V27 -> 5 | BV3: =W27 -> 53 | BW3: =V29 -> 13 | BX3: =W29 -> 40 | BY3: =V30 -> 6 | BZ3: =W30 -> 48 | CA3: =V31 -> 5 | CB3: =W31 -> 41 | CC3: =V32 -> 5 | CD3: =W32 -> 49 | CE3: =V34 -> 10 | CF3: =W34 -> 52 | CG3: =V35 -> 9 | CH3: =W35 -> 59 | CI3: =V36 -> 8 | CJ3: =W36 -> 42 | CK3: =V37 -> 6 | CL3: =W37 -> 46 | CM3: =Z23 -> 4 | CN3: =AA23 -> 46 | CO3: =AB23 -> 0 | CP3: =AC23 -> N | CQ3: =Z24 -> 7 | CR3: =AA24 -> 55 | CS3: =AB24 -> 0 | CT3: =AC24 -> N | CU3: =Z25 -> 5 | CV3: =AA25 -> 46 | CW3: =AB25 -> 0 | CX3: =AC25 -> N | CY3: =Z27 -> 6 | CZ3: =AA27 -> 48 | DA3: =AB27 -> 0/2 | DB3: =AC27 -> N | DC3: =Z28 -> 8 | DD3: =AA28 -> 53 | DE3: =AB28 -> 0 | DF3: =AC28 -> N | DG3: =Z29 -> 5 | DH3: =AA29 -> 41 | DI3: =AB29 -> 0 | DJ3: =AC29 -> N | DK3: =Z30 -> 6 | DL3: =AA30 -> 41 | DM3: =AB30 -> 0 | DN3: =AC30 -> N | DO3: =Z32 -> 3 | DP3: =AA32 -> 44 | DQ3: =AB32 -> 0 | DR3: =AC32 -> N | DS3: =Z33 -> 2 | DT3: =AA33 -> 47 | DU3: =AB33 -> 0 | DV3: =AC33 -> N | DW3: =Z34 -> 8 | DX3: =AA34 -> 41 | DY3: =AB34 -> 1 | DZ3: =AC34 -> N | EA3: =Z36 -> 3 | EB3: =AA36 -> 42 | EC3: =AB36 -> 0 | ED3: =AC36 -> N | EE3: =Z37 -> 3 | EF3: =AA37 -> 46 | EG3: =AB37 -> 0 | EH3: =AC37 -> N
B5: Client name: | C5: Alex Carter | U5: SNAP Scoring Summary (v1.1) | AI5: Dx Scales
B6: Clinic number: | V6: Scores | AE6: Item | AF6: Resp | AG6: FK? | AH6: Keyed | AI6: TK | AJ6: FK | AL6: NT | AO6: MIS | AR6: MAN | AU6: AGG | AX6: SH | BA6: LOW SE | BD6: SUI PR | BG6: ECC PERC | BJ6: DEPEN | BM6: PT | BP6: EXHIB | BS6: ENTITL | BV6: DETACH | BY6: IMPUL | CB6: PROP | CE6: WORK | CH6: RV | CK6: DEV | CP6: DIS | CU6: ANTISOCIAL | CZ6: AVOIDANT | DE6: BORDERLINE | DJ6: DEPENDENT | DO6: DEPRESSIVE | DT6: HISTRIONIC | DY6: NARCISSISTIC | ED6: PAG/NEG | EI6: OCPD | EN6: PARANOID | ES6: SCHIZOID | EX6: SCHIZOTYPAL | FC6: VRIN | FI6: TRIN | FO6: DRIN | FX6: BDEV
B7: Date of testing: | V7: Raw | W7: T | AE7: 1 | AF7: =IF(ISERROR(VALUE(MID($C$11,$AE7,1)))=TRUE,"TEXT",VALUE(MID($C$11,$AE7,1))) -> 2 | AH7: =IF(AF7=9,0,(IF(AG7="Y",AF7-1,2-AF7))) -> 0 | AI7: =IF(AF7=1,1,0) -> 0 | AJ7: =IF(AF7=2,1,0) -> 1 | AL7: item | AM7: response | AO7: item | AP7: response | AR7: item | AS7: response | AU7: item | AV7: response | AX7: item | AY7: response | BA7: item | BB7: response | BD7: item | BE7: response | BG7: item | BH7: response | BJ7: item | BK7: response | BM7: item | BN7: response | BP7: item | BQ7: response | BS7: item | BT7: response | BV7: item | BW7: response | BY7: item | BZ7: response | CB7: item | CC7: response | CE7: item | CF7: response | CH7: item | CI7: response | CK7: item-t | CL7: resp | CM7: item-f | CN7: resp | CP7: item-t | CQ7: resp | CR7: item-f | CS7: resp | CU7: item-t | CV7: resp | CW7: item-f | CX7: resp | CZ7: item-t | DA7: resp | DB7: item-f | DC7: resp | DE7: item-t | DF7: resp | DG7: item-f | DH7: resp | DJ7: item-t | DK7: resp | DL7: item-f | DM7: resp | DO7: item-t | DP7: resp | DQ7: item-f | DR7: resp | DT7: item-t | DU7: resp | DV7: item-f | DW7: resp | DY7: item-t | DZ7: resp | EA7: item-f | EB7: resp | ED7: item-t | EE7: resp | EF7: item-f | EG7: resp | EI7: item-t | EJ7: resp | EK7: item-f | EL7: resp | EN7: item-t | EO7: resp | EP7: item-f | EQ7: resp | ES7: item-t | ET7: resp | EU7: item-f | EV7: resp | EX7: item-t | EY7: resp | EZ7: item-f | FA7: resp | FC7: item-1 | FD7: resp | FE7: item-2 | FF7: resp | FG7: inc | FI7: item-t | FJ7: resp | FO7: item-hi | FP7: resp | FQ7: FK? | FR7: kresp | FS7: item-lo | FT7: resp | FU7: FK? | FV7: kresp | FX7: item-t | FY7: resp | FZ7: item-f | GA7: resp
B8: Clinician: | Y8: Client name: | Z8: =C5 -> Alex Carter | AE8: 2 | AF8: =IF(ISERROR(VALUE(MID($C$11,$AE8,1)))=TRUE,"TEXT",VALUE(MID($C$11,$AE8,1))) -> 2 | AH8: =IF(AF8=9,0,(IF(AG8="Y",AF8-1,2-AF8))) -> 0 | AI8: =IF(AF8=1,1,0) -> 0 | AJ8: =IF(AF8=2,1,0) -> 1 | AL8: 241 | AM8: =VLOOKUP(AL8,$AE$7:$AH$396,4) -> 0 | AO8: 8 | AP8: =VLOOKUP(AO8,$AE$7:$AH$396,4) -> 0 | AR8: 12 | AS8: =VLOOKUP(AR8,$AE$7:$AH$396,4) -> 0 | AU8: 2 | AV8: =VLOOKUP(AU8,$AE$7:$AH$396,4) -> 0 | AX8: 13 | AY8: =VLOOKUP(AX8,$AE$7:$AH$396,4) -> 0 | BA8: 13 | BB8: =VLOOKUP(BA8,$AE$7:$AH$396,4) -> 0 | BD8: 30 | BE8: =VLOOKUP(BD8,$AE$7:$AH$396,4) -> 1 | BG8: 7 | BH8: =VLOOKUP(BG8,$AE$7:$AH$396,4) -> 0 | BJ8: 16 | BK8: =VLOOKUP(BJ8,$AE$7:$AH$396,4) -> 1 | BM8: 211 | BN8: =VLOOKUP(BM8,$AE$7:$AH$396,4) -> 0 | BP8: 6 | BQ8: =VLOOKUP(BP8,$AE$7:$AH$396,4) -> 0 | BS8: 49 | BT8: =VLOOKUP(BS8,$AE$7:$AH$396,4) -> 0 | BV8: 9 | BW8: =VLOOKUP(BV8,$AE$7:$AH$396,4) -> 0 | BY8: 4 | BZ8: =VLOOKUP(BY8,$AE$7:$AH$396,4) -> 0 | CB8: 3 | CC8: =VLOOKUP(CB8,$AE$7:$AH$396,4) -> 0 | CE8: 1 | CF8: =VLOOKUP(CE8,$AE$7:$AH$396,4) -> 0 | CH8: 255 | CI8: =VLOOKUP(CH8,$AE$7:$AH$396,4) -> 0 | CK8: 22 | CL8: =VLOOKUP(CK8,$AE$7:$AJ$396,5) -> 0 | CM8: 3 | CN8: =VLOOKUP(CM8,$AE$7:$AJ$396,6) -> 1 | CP8: 33 | CQ8: =VLOOKUP(CP8,$AE$7:$AJ$396,5) -> 0 | CR8: 4 | CS8: =VLOOKUP(CR8,$AE$7:$AJ$396,6) -> 0 | CU8: 5 | CV8: =VLOOKUP(CU8,$AE$7:$AJ$396,5) -> 0 | CW8: 29 | CX8: =VLOOKUP(CW8,$AE$7:$AJ$396,6) -> 0 | CZ8: 6 | DA8: =VLOOKUP(CZ8,$AE$7:$AJ$396,5) -> 1 | DB8: 74 | DC8: =VLOOKUP(DB8,$AE$7:$AJ$396,6) -> 0 | DE8: 11 | DF8: =VLOOKUP(DE8,$AE$7:$AJ$396,5) -> 0 | DG8: 37 | DH8: =VLOOKUP(DG8,$AE$7:$AJ$396,6) -> 0 | DJ8: 40 | DK8: =VLOOKUP(DJ8,$AE$7:$AJ$396,5) -> 0 | DL8: 16 | DM8: =VLOOKUP(DL8,$AE$7:$AJ$396,6) -> 1 | DO8: 13 | DP8: =VLOOKUP(DO8,$AE$7:$AJ$396,5) -> 0 | DQ8: 161 | DR8: =VLOOKUP(DQ8,$AE$7:$AJ$396,6) -> 1 | DT8: 57 | DU8: =VLOOKUP(DT8,$AE$7:$AJ$396,5) -> 0 | DV8: 19 | DW8: =VLOOKUP(DV8,$AE$7:$AJ$396,6) -> 1 | DY8: 49 | DZ8: =VLOOKUP(DY8,$AE$7:$AJ$396,5) -> 0 | EA8: 25 | EB8: =VLOOKUP(EA8,$AE$7:$AJ$396,6) -> 0 | ED8: 12 | EE8: =VLOOKUP(ED8,$AE$7:$AJ$396,5) -> 0 | EF8: 147 | EG8: =VLOOKUP(EF8,$AE$7:$AJ$396,6) -> 1 | EI8: 18 | EJ8: =VLOOKUP(EI8,$AE$7:$AJ$396,5) -> 1 | EK8: 127 | EL8: =VLOOKUP(EK8,$AE$7:$AJ$396,6) -> 1 | EN8: 8 | EO8: =VLOOKUP(EN8,$AE$7:$AJ$396,5) -> 0 | EP8: 24 | EQ8: =VLOOKUP(EP8,$AE$7:$AJ$396,6) -> 1 | ES8: 11 | ET8: =VLOOKUP(ES8,$AE$7:$AJ$396,5) -> 0 | EU8: 74 | EV8: =VLOOKUP(EU8,$AE$7:$AJ$396,6) -> 0 | EX8: 7 | EY8: =VLOOKUP(EX8,$AE$7:$AJ$396,5) -> 0 | EZ8: 133 | FA8: =VLOOKUP(EZ8,$AE$7:$AJ$396,6) -> 0 | FC8: 27 | FD8: =VLOOKUP(FC8,$AE$7:$AJ$396,2) -> 1 | FE8: 87 | FF8: =VLOOKUP(FE8,$AE$7:$AJ$396,2) -> 2 | FG8: =IF(FD8<>FF8,1,0) -> 1 | FI8: 133 | FJ8: =VLOOKUP(FI8,$AE$7:$AJ$396,2) -> 1 | FO8: 18 | FP8: =VLOOKUP(FO8,$AE$7:$AJ$396,2) -> 1 | FR8: =IF(OR(AND(FP8=1,FQ8<>"Y"),AND(FP8=2,FQ8="Y")),1,0) -> 1 | FS8: 31 | FT8: =VLOOKUP(FS8,$AE$7:$AJ$396,2) -> 2 | FV8: =IF(OR(AND(FT8=1,FU8<>"Y"),AND(FT8=2,FU8="Y")),1,0) -> 0 | FX8: 204 | FY8: =VLOOKUP(FX8,$AE$7:$AJ$396,5) -> 0 | FZ8: 276 | GA8: =VLOOKUP(FZ8,$AE$7:$AJ$396,6) -> 1
U9: Validity Scales | Y9: Clinic number: | Z9: =C6 | AE9: 3 | AF9: =IF(ISERROR(VALUE(MID($C$11,$AE9,1)))=TRUE,"TEXT",VALUE(MID($C$11,$AE9,1))) -> 2 | AH9: =IF(AF9=9,0,(IF(AG9="Y",AF9-1,2-AF9))) -> 0 | AI9: =IF(AF9=1,1,0) -> 0 | AJ9: =IF(AF9=2,1,0) -> 1 | AL9: 244 | AM9: =VLOOKUP(AL9,$AE$7:$AH$396,4) -> 0 | AO9: 14 | AP9: =VLOOKUP(AO9,$AE$7:$AH$396,4) -> 0 | AR9: 25 | AS9: =VLOOKUP(AR9,$AE$7:$AH$396,4) -> 0 | AU9: 17 | AV9: =VLOOKUP(AU9,$AE$7:$AH$396,4) -> 1 | AX9: 30 | AY9: =VLOOKUP(AX9,$AE$7:$AH$396,4) -> 1 | BA9: 77 | BB9: =VLOOKUP(BA9,$AE$7:$AH$396,4) -> 0 | BD9: 65 | BE9: =VLOOKUP(BD9,$AE$7:$AH$396,4) -> 0 | BG9: 20 | BH9: =VLOOKUP(BG9,$AE$7:$AH$396,4) -> 0 | BJ9: 26 | BK9: =VLOOKUP(BJ9,$AE$7:$AH$396,4) -> 0 | BM9: 239 | BN9: =VLOOKUP(BM9,$AE$7:$AH$396,4) -> 0 | BP9: 19 | BQ9: =VLOOKUP(BP9,$AE$7:$AH$396,4) -> 1 | BS9: 71 | BT9: =VLOOKUP(BS9,$AE$7:$AH$396,4) -> 0 | BV9: 11 | BW9: =VLOOKUP(BV9,$AE$7:$AH$396,4) -> 0 | BY9: 37 | BZ9: =VLOOKUP(BY9,$AE$7:$AH$396,4) -> 0 | CB9: 10 | CC9: =VLOOKUP(CB9,$AE$7:$AH$396,4) -> 1 | CE9: 18 | CF9: =VLOOKUP(CE9,$AE$7:$AH$396,4) -> 1 | CH9: 263 | CI9: =VLOOKUP(CH9,$AE$7:$AH$396,4) -> 0 | CK9: 30 | CL9: =VLOOKUP(CK9,$AE$7:$AJ$396,5) -> 1 | CM9: 10 | CN9: =VLOOKUP(CM9,$AE$7:$AJ$396,6) -> 0 | CP9: 57 | CQ9: =VLOOKUP(CP9,$AE$7:$AJ$396,5) -> 0 | CR9: 25 | CS9: =VLOOKUP(CR9,$AE$7:$AJ$396,6) -> 0 | CU9: 23 | CV9: =VLOOKUP(CU9,$AE$7:$AJ$396,5) -> 0 | CW9: 37 | CX9: =VLOOKUP(CW9,$AE$7:$AJ$396,6) -> 0 | CZ9: 15 | DA9: =VLOOKUP(CZ9,$AE$7:$AJ$396,5) -> 0 | DB9: 158 | DC9: =VLOOKUP(DB9,$AE$7:$AJ$396,6) -> 1 | DE9: 21 | DF9: =VLOOKUP(DE9,$AE$7:$AJ$396,5) -> 0 | DG9: 73 | DH9: =VLOOKUP(DG9,$AE$7:$AJ$396,6) -> 1 | DJ9: 55 | DK9: =VLOOKUP(DJ9,$AE$7:$AJ$396,5) -> 1 | DL9: 26 | DM9: =VLOOKUP(DL9,$AE$7:$AJ$396,6) -> 0 | DO9: 67 | DP9: =VLOOKUP(DO9,$AE$7:$AJ$396,5) -> 0 | DQ9: 237 | DR9: =VLOOKUP(DQ9,$AE$7:$AJ$396,6) -> 1 | DT9: 69 | DU9: =VLOOKUP(DT9,$AE$7:$AJ$396,5) -> 0 | DV9: 82 | DW9: =VLOOKUP(DV9,$AE$7:$AJ$396,6) -> 1 | DY9: 51 | DZ9: =VLOOKUP(DY9,$AE$7:$AJ$396,5) -> 0 | EA9: 82 | EB9: =VLOOKUP(EA9,$AE$7:$AJ$396,6) -> 1 | ED9: 21 | EE9: =VLOOKUP(ED9,$AE$7:$AJ$396,5) -> 0 | EI9: 34 | EJ9: =VLOOKUP(EI9,$AE$7:$AJ$396,5) -> 0 | EK9: 170 | EL9: =VLOOKUP(EK9,$AE$7:$AJ$396,6) -> 1 | EN9: 9 | EO9: =VLOOKUP(EN9,$AE$7:$AJ$396,5) -> 0 | EP9: 133 | EQ9: =VLOOKUP(EP9,$AE$7:$AJ$396,6) -> 0 | ES9: 22 | ET9: =VLOOKUP(ES9,$AE$7:$AJ$396,5) -> 0 | EU9: 101 | EV9: =VLOOKUP(EU9,$AE$7:$AJ$396,6) -> 1 | EX9: 14 | EY9: =VLOOKUP(EX9,$AE$7:$AJ$396,5) -> 0 | EZ9: 199 | FA9: =VLOOKUP(EZ9,$AE$7:$AJ$396,6) -> 0 | FC9: 176 | FD9: =VLOOKUP(FC9,$AE$7:$AJ$396,2) -> 2 | FE9: 205 | FF9: =VLOOKUP(FE9,$AE$7:$AJ$396,2) -> 2 | FG9: =IF(FD9<>FF9,1,0) -> 0 | FI9: 224 | FJ9: =VLOOKUP(FI9,$AE$7:$AJ$396,2) -> 2 | FO9: 25 | FP9: =VLOOKUP(FO9,$AE$7:$AJ$396,2) -> 1 | FQ9: Y | FR9: =IF(OR(AND(FP9=1,FQ9<>"Y"),AND(FP9=2,FQ9="Y")),1,0) -> 0 | FS9: 47 | FT9: =VLOOKUP(FS9,$AE$7:$AJ$396,2) -> 2 | FV9: =IF(OR(AND(FT9=1,FU9<>"Y"),AND(FT9=2,FU9="Y")),1,0) -> 0 | FX9: 212 | FY9: =VLOOKUP(FX9,$AE$7:$AJ$396,5) -> 0 | FZ9: 306 | GA9: =VLOOKUP(FZ9,$AE$7:$AJ$396,6) -> 0
B10: Enter Data here (1 = true; 2 = false, 9 = missing) | U10: VRIN | V10: =FF38 -> 9 | W10: =FF39 -> 67 | Y10: Date of testing: | Z10: =C7 | AE10: 4 | AF10: =IF(ISERROR(VALUE(MID($C$11,$AE10,1)))=TRUE,"TEXT",VALUE(MID($C$11,$AE10,1))) -> 1 | AG10: Y | AH10: =IF(AF10=9,0,(IF(AG10="Y",AF10-1,2-AF10))) -> 0 | AI10: =IF(AF10=1,1,0) -> 1 | AJ10: =IF(AF10=2,1,0) -> 0 | AL10: 245 | AM10: =VLOOKUP(AL10,$AE$7:$AH$396,4) -> 0 | AO10: 27 | AP10: =VLOOKUP(AO10,$AE$7:$AH$396,4) -> 1 | AR10: 33 | AS10: =VLOOKUP(AR10,$AE$7:$AH$396,4) -> 0 | AU10: 21 | AV10: =VLOOKUP(AU10,$AE$7:$AH$396,4) -> 0 | AX10: 65 | AY10: =VLOOKUP(AX10,$AE$7:$AH$396,4) -> 0 | BA10: 98 | BB10: =VLOOKUP(BA10,$AE$7:$AH$396,4) -> 0 | BD10: 110 | BE10: =VLOOKUP(BD10,$AE$7:$AH$396,4) -> 1 | BG10: 42 | BH10: =VLOOKUP(BG10,$AE$7:$AH$396,4) -> 0 | BJ10: 36 | BK10: =VLOOKUP(BJ10,$AE$7:$AH$396,4) -> 0 | BM10: 240 | BN10: =VLOOKUP(BM10,$AE$7:$AH$396,4) -> 1 | BP10: 28 | BQ10: =VLOOKUP(BP10,$AE$7:$AH$396,4) -> 0 | BS10: 83 | BT10: =VLOOKUP(BS10,$AE$7:$AH$396,4) -> 0 | BV10: 22 | BW10: =VLOOKUP(BV10,$AE$7:$AH$396,4) -> 0 | BY10: 41 | BZ10: =VLOOKUP(BY10,$AE$7:$AH$396,4) -> 0 | CB10: 32 | CC10: =VLOOKUP(CB10,$AE$7:$AH$396,4) -> 0 | CE10: 29 | CF10: =VLOOKUP(CE10,$AE$7:$AH$396,4) -> 1 | CH10: 271 | CI10: =VLOOKUP(CH10,$AE$7:$AH$396,4) -> 0 | CK10: 142 | CL10: =VLOOKUP(CK10,$AE$7:$AJ$396,5) -> 0 | CM10: 26 | CN10: =VLOOKUP(CM10,$AE$7:$AJ$396,6) -> 0 | CP10: 88 | CQ10: =VLOOKUP(CP10,$AE$7:$AJ$396,5) -> 0 | CR10: 34 | CS10: =VLOOKUP(CR10,$AE$7:$AJ$396,6) -> 1 | CU10: 56 | CV10: =VLOOKUP(CU10,$AE$7:$AJ$396,5) -> 0 | CW10: 73 | CX10: =VLOOKUP(CW10,$AE$7:$AJ$396,6) -> 1 | CZ10: 19 | DA10: =VLOOKUP(CZ10,$AE$7:$AJ$396,5) -> 0 | DE10: 39 | DF10: =VLOOKUP(DE10,$AE$7:$AJ$396,5) -> 0 | DG10: 185 | DH10: =VLOOKUP(DG10,$AE$7:$AJ$396,6) -> 1 | DJ10: 100 | DK10: =VLOOKUP(DJ10,$AE$7:$AJ$396,5) -> 0 | DL10: 36 | DM10: =VLOOKUP(DL10,$AE$7:$AJ$396,6) -> 0 | DO10: 98 | DP10: =VLOOKUP(DO10,$AE$7:$AJ$396,5) -> 0 | DQ10: 253 | DR10: =VLOOKUP(DQ10,$AE$7:$AJ$396,6) -> 0 | DT10: 100 | DU10: =VLOOKUP(DT10,$AE$7:$AJ$396,5) -> 0 | DV10: 83 | DW10: =VLOOKUP(DV10,$AE$7:$AJ$396,6) -> 0 | DY10: 57 | DZ10: =VLOOKUP(DY10,$AE$7:$AJ$396,5) -> 0 | EA10: 350 | EB10: =VLOOKUP(EA10,$AE$7:$AJ$396,6) -> 1 | ED10: 59 | EE10: =VLOOKUP(ED10,$AE$7:$AJ$396,5) -> 1 | EI10: 71 | EJ10: =VLOOKUP(EI10,$AE$7:$AJ$396,5) -> 0 | EK10: 198 | EL10: =VLOOKUP(EK10,$AE$7:$AJ$396,6) -> 0 | EN10: 14 | EO10: =VLOOKUP(EN10,$AE$7:$AJ$396,5) -> 0 | EP10: 147 | EQ10: =VLOOKUP(EP10,$AE$7:$AJ$396,6) -> 1 | ES10: 35 | ET10: =VLOOKUP(ES10,$AE$7:$AJ$396,5) -> 0 | EU10: 182 | EV10: =VLOOKUP(EU10,$AE$7:$AJ$396,6) -> 0 | EX10: 20 | EY10: =VLOOKUP(EX10,$AE$7:$AJ$396,5) -> 0 | EZ10: 218 | FA10: =VLOOKUP(EZ10,$AE$7:$AJ$396,6) -> 1 | FC10: 25 | FD10: =VLOOKUP(FC10,$AE$7:$AJ$396,2) -> 1 | FE10: 200 | FF10: =VLOOKUP(FE10,$AE$7:$AJ$396,2) -> 1 | FG10: =IF(FD10<>FF10,1,0) -> 0 | FI10: 25 | FJ10: =VLOOKUP(FI10,$AE$7:$AJ$396,2) -> 1 | FO10: 49 | FP10: =VLOOKUP(FO10,$AE$7:$AJ$396,2) -> 2 | FR10: =IF(OR(AND(FP10=1,FQ10<>"Y"),AND(FP10=2,FQ10="Y")),1,0) -> 0 | FS10: 54 | FT10: =VLOOKUP(FS10,$AE$7:$AJ$396,2) -> 2 | FV10: =IF(OR(AND(FT10=1,FU10<>"Y"),AND(FT10=2,FU10="Y")),1,0) -> 0 | FX10: 220 | FY10: =VLOOKUP(FX10,$AE$7:$AJ$396,5) -> 0 | FZ10: 308 | GA10: =VLOOKUP(FZ10,$AE$7:$AJ$396,6) -> 0
B11: Items 1-60 | C11: 222121222122222221222222111211222221122222222222222212122212 | U11: TRIN | V11: =FM38 -> 11 | W11: =FM39 -> 26 | Y11: Clinician: | Z11: =C8 | AE11: 5 | AF11: =IF(ISERROR(VALUE(MID($C$11,$AE11,1)))=TRUE,"TEXT",VALUE(MID($C$11,$AE11,1))) -> 2 | AH11: =IF(AF11=9,0,(IF(AG11="Y",AF11-1,2-AF11))) -> 0 | AI11: =IF(AF11=1,1,0) -> 0 | AJ11: =IF(AF11=2,1,0) -> 1 | AL11: 248 | AM11: =VLOOKUP(AL11,$AE$7:$AH$396,4) -> 0 | AO11: 38 | AP11: =VLOOKUP(AO11,$AE$7:$AH$396,4) -> 0 | AR11: 46 | AS11: =VLOOKUP(AR11,$AE$7:$AH$396,4) -> 0 | AU11: 24 | AV11: =VLOOKUP(AU11,$AE$7:$AH$396,4) -> 1 | AX11: 77 | AY11: =VLOOKUP(AX11,$AE$7:$AH$396,4) -> 0 | BA11: 139 | BB11: =VLOOKUP(BA11,$AE$7:$AH$396,4) -> 1 | BD11: 142 | BE11: =VLOOKUP(BD11,$AE$7:$AH$396,4) -> 0 | BG11: 51 | BH11: =VLOOKUP(BG11,$AE$7:$AH$396,4) -> 0 | BJ11: 40 | BK11: =VLOOKUP(BJ11,$AE$7:$AH$396,4) -> 0 | BM11: 242 | BN11: =VLOOKUP(BM11,$AE$7:$AH$396,4) -> 1 | BP11: 45 | BQ11: =VLOOKUP(BP11,$AE$7:$AH$396,4) -> 1 | BS11: 90 | BT11: =VLOOKUP(BS11,$AE$7:$AH$396,4) -> 0 | BV11: 35 | BW11: =VLOOKUP(BV11,$AE$7:$AH$396,4) -> 0 | BY11: 58 | BZ11: =VLOOKUP(BY11,$AE$7:$AH$396,4) -> 1 | CB11: 34 | CC11: =VLOOKUP(CB11,$AE$7:$AH$396,4) -> 0 | CE11: 47 | CF11: =VLOOKUP(CE11,$AE$7:$AH$396,4) -> 0 | CH11: 280 | CI11: =VLOOKUP(CH11,$AE$7:$AH$396,4) -> 1 | CK11: 2 | CL11: =VLOOKUP(CK11,$AE$7:$AJ$396,5) -> 0 | CM11: 49 | CN11: =VLOOKUP(CM11,$AE$7:$AJ$396,6) -> 1 | CP11: 91 | CQ11: =VLOOKUP(CP11,$AE$7:$AJ$396,5) -> 0 | CR11: 37 | CS11: =VLOOKUP(CR11,$AE$7:$AJ$396,6) -> 0 | CU11: 66 | CV11: =VLOOKUP(CU11,$AE$7:$AJ$396,5) -> 0 | CW11: 80 | CX11: =VLOOKUP(CW11,$AE$7:$AJ$396,6) -> 0 | CZ11: 92 | DA11: =VLOOKUP(CZ11,$AE$7:$AJ$396,5) -> 0 | DE11: 42 | DF11: =VLOOKUP(DE11,$AE$7:$AJ$396,5) -> 0 | DG11: 199 | DH11: =VLOOKUP(DG11,$AE$7:$AJ$396,6) -> 0 | DJ11: 123 | DK11: =VLOOKUP(DJ11,$AE$7:$AJ$396,5) -> 0 | DL11: 62 | DM11: =VLOOKUP(DL11,$AE$7:$AJ$396,6) -> 0 | DO11: 115 | DP11: =VLOOKUP(DO11,$AE$7:$AJ$396,5) -> 0 | DT11: 123 | DU11: =VLOOKUP(DT11,$AE$7:$AJ$396,5) -> 0 | DV11: 145 | DW11: =VLOOKUP(DV11,$AE$7:$AJ$396,6) -> 1 | DY11: 69 | DZ11: =VLOOKUP(DY11,$AE$7:$AJ$396,5) -> 0 | EA11: 368 | EB11: =VLOOKUP(EA11,$AE$7:$AJ$396,6) -> 1 | ED11: 107 | EE11: =VLOOKUP(ED11,$AE$7:$AJ$396,5) -> 0 | EI11: 111 | EJ11: =VLOOKUP(EI11,$AE$7:$AJ$396,5) -> 0 | EK11: 228 | EL11: =VLOOKUP(EK11,$AE$7:$AJ$396,6) -> 1 | EN11: 38 | EO11: =VLOOKUP(EN11,$AE$7:$AJ$396,5) -> 0 | EP11: 148 | EQ11: =VLOOKUP(EP11,$AE$7:$AJ$396,6) -> 0 | ES11: 48 | ET11: =VLOOKUP(ES11,$AE$7:$AJ$396,5) -> 0 | EU11: 218 | EV11: =VLOOKUP(EU11,$AE$7:$AJ$396,6) -> 1 | EX11: 38 | EY11: =VLOOKUP(EX11,$AE$7:$AJ$396,5) -> 0 | FC11: 91 | FD11: =VLOOKUP(FC11,$AE$7:$AJ$396,2) -> 2 | FE11: 102 | FF11: =VLOOKUP(FE11,$AE$7:$AJ$396,2) -> 2 | FG11: =IF(FD11<>FF11,1,0) -> 0 | FI11: 105 | FJ11: =VLOOKUP(FI11,$AE$7:$AJ$396,2) -> 2 | FO11: 79 | FP11: =VLOOKUP(FO11,$AE$7:$AJ$396,2) -> 2 | FR11: =IF(OR(AND(FP11=1,FQ11<>"Y"),AND(FP11=2,FQ11="Y")),1,0) -> 0 | FS11: 84 | FT11: =VLOOKUP(FS11,$AE$7:$AJ$396,2) -> 1 | FU11: Y | FV11: =IF(OR(AND(FT11=1,FU11<>"Y"),AND(FT11=2,FU11="Y")),1,0) -> 0 | FX11: 229 | FY11: =VLOOKUP(FX11,$AE$7:$AJ$396,5) -> 0
B12: Items 61-120 | C12: 112122222222211211212211222212221121222222222222222222222222 | U12: DRIN | V12: =FS30 -> 17 | W12: =FS31 -> 40 | AE12: 6 | AF12: =IF(ISERROR(VALUE(MID($C$11,$AE12,1)))=TRUE,"TEXT",VALUE(MID($C$11,$AE12,1))) -> 1 | AG12: Y | AH12: =IF(AF12=9,0,(IF(AG12="Y",AF12-1,2-AF12))) -> 0 | AI12: =IF(AF12=1,1,0) -> 1 | AJ12: =IF(AF12=2,1,0) -> 0 | AL12: 250 | AM12: =VLOOKUP(AL12,$AE$7:$AH$396,4) -> 0 | AO12: 53 | AP12: =VLOOKUP(AO12,$AE$7:$AH$396,4) -> 1 | AR12: 63 | AS12: =VLOOKUP(AR12,$AE$7:$AH$396,4) -> 1 | AU12: 31 | AV12: =VLOOKUP(AU12,$AE$7:$AH$396,4) -> 0 | AX12: 98 | AY12: =VLOOKUP(AX12,$AE$7:$AH$396,4) -> 0 | BA12: 161 | BB12: =VLOOKUP(BA12,$AE$7:$AH$396,4) -> 1 | BD12: 157 | BE12: =VLOOKUP(BD12,$AE$7:$AH$396,4) -> 0 | BG12: 60 | BH12: =VLOOKUP(BG12,$AE$7:$AH$396,4) -> 0 | BJ12: 44 | BK12: =VLOOKUP(BJ12,$AE$7:$AH$396,4) -> 0 | BM12: 249 | BN12: =VLOOKUP(BM12,$AE$7:$AH$396,4) -> 1 | BP12: 57 | BQ12: =VLOOKUP(BP12,$AE$7:$AH$396,4) -> 0 | BS12: 113 | BT12: =VLOOKUP(BS12,$AE$7:$AH$396,4) -> 0 | BV12: 48 | BW12: =VLOOKUP(BV12,$AE$7:$AH$396,4) -> 0 | BY12: 66 | BZ12: =VLOOKUP(BY12,$AE$7:$AH$396,4) -> 0 | CB12: 50 | CC12: =VLOOKUP(CB12,$AE$7:$AH$396,4) -> 0 | CE12: 54 | CF12: =VLOOKUP(CE12,$AE$7:$AH$396,4) -> 0 | CH12: 286 | CI12: =VLOOKUP(CH12,$AE$7:$AH$396,4) -> 0 | CK12: 149 | CL12: =VLOOKUP(CK12,$AE$7:$AJ$396,5) -> 1 | CM12: 52 | CN12: =VLOOKUP(CM12,$AE$7:$AJ$396,6) -> 1 | CP12: 99 | CQ12: =VLOOKUP(CP12,$AE$7:$AJ$396,5) -> 0 | CR12: 124 | CS12: =VLOOKUP(CR12,$AE$7:$AJ$396,6) -> 0 | CU12: 91 | CV12: =VLOOKUP(CU12,$AE$7:$AJ$396,5) -> 0 | CW12: 146 | CX12: =VLOOKUP(CW12,$AE$7:$AJ$396,6) -> 0 | CZ12: 196 | DA12: =VLOOKUP(CZ12,$AE$7:$AJ$396,5) -> 0 | DE12: 55 | DF12: =VLOOKUP(DE12,$AE$7:$AJ$396,5) -> 1 | DJ12: 197 | DK12: =VLOOKUP(DJ12,$AE$7:$AJ$396,5) -> 0 | DL12: 84 | DM12: =VLOOKUP(DL12,$AE$7:$AJ$396,6) -> 0 | DO12: 139 | DP12: =VLOOKUP(DO12,$AE$7:$AJ$396,5) -> 1 | DT12: 169 | DU12: =VLOOKUP(DT12,$AE$7:$AJ$396,5) -> 0 | DV12: 207 | DW12: =VLOOKUP(DV12,$AE$7:$AJ$396,6) -> 1 | DY12: 108 | DZ12: =VLOOKUP(DY12,$AE$7:$AJ$396,5) -> 0 | ED12: 186 | EE12: =VLOOKUP(ED12,$AE$7:$AJ$396,5) -> 1 | EI12: 124 | EJ12: =VLOOKUP(EI12,$AE$7:$AJ$396,5) -> 1 | EK12: 329 | EL12: =VLOOKUP(EK12,$AE$7:$AJ$396,6) -> 1 | EN12: 53 | EO12: =VLOOKUP(EN12,$AE$7:$AJ$396,5) -> 1 | ES12: 140 | ET12: =VLOOKUP(ES12,$AE$7:$AJ$396,5) -> 0 | EU12: 239 | EV12: =VLOOKUP(EU12,$AE$7:$AJ$396,6) -> 1 | EX12: 48 | EY12: =VLOOKUP(EX12,$AE$7:$AJ$396,5) -> 0 | FC12: 157 | FD12: =VLOOKUP(FC12,$AE$7:$AJ$396,2) -> 2 | FE12: 190 | FF12: =VLOOKUP(FE12,$AE$7:$AJ$396,2) -> 2 | FG12: =IF(FD12<>FF12,1,0) -> 0 | FI12: 129 | FJ12: =VLOOKUP(FI12,$AE$7:$AJ$396,2) -> 2 | FO12: 93 | FP12: =VLOOKUP(FO12,$AE$7:$AJ$396,2) -> 1 | FR12: =IF(OR(AND(FP12=1,FQ12<>"Y"),AND(FP12=2,FQ12="Y")),1,0) -> 1 | FS12: 91 | FT12: =VLOOKUP(FS12,$AE$7:$AJ$396,2) -> 2 | FV12: =IF(OR(AND(FT12=1,FU12<>"Y"),AND(FT12=2,FU12="Y")),1,0) -> 0 | FX12: 230 | FY12: =VLOOKUP(FX12,$AE$7:$AJ$396,5) -> 0
B13: Items 121-180 | C13: 222122222212121222122222212111211211222222211211222221121111 | U13: Rare Virtues | V13: =CI37 -> 3 | W13: =CI38 -> 50 | AE13: 7 | AF13: =IF(ISERROR(VALUE(MID($C$11,$AE13,1)))=TRUE,"TEXT",VALUE(MID($C$11,$AE13,1))) -> 2 | AH13: =IF(AF13=9,0,(IF(AG13="Y",AF13-1,2-AF13))) -> 0 | AI13: =IF(AF13=1,1,0) -> 0 | AJ13: =IF(AF13=2,1,0) -> 1 | AL13: 252 | AM13: =VLOOKUP(AL13,$AE$7:$AH$396,4) -> 0 | AO13: 59 | AP13: =VLOOKUP(AO13,$AE$7:$AH$396,4) -> 1 | AR13: 76 | AS13: =VLOOKUP(AR13,$AE$7:$AH$396,4) -> 0 | AU13: 43 | AV13: =VLOOKUP(AU13,$AE$7:$AH$396,4) -> 0 | AX13: 110 | AY13: =VLOOKUP(AX13,$AE$7:$AH$396,4) -> 1 | BA13: 193 | BB13: =VLOOKUP(BA13,$AE$7:$AH$396,4) -> 0 | BD13: 172 | BE13: =VLOOKUP(BD13,$AE$7:$AH$396,4) -> 0 | BG13: 72 | BH13: =VLOOKUP(BG13,$AE$7:$AH$396,4) -> 0 | BJ13: 52 | BK13: =VLOOKUP(BJ13,$AE$7:$AH$396,4) -> 1 | BM13: 253 | BN13: =VLOOKUP(BM13,$AE$7:$AH$396,4) -> 1 | BP13: 69 | BQ13: =VLOOKUP(BP13,$AE$7:$AH$396,4) -> 0 | BS13: 120 | BT13: =VLOOKUP(BS13,$AE$7:$AH$396,4) -> 0 | BV13: 61 | BW13: =VLOOKUP(BV13,$AE$7:$AH$396,4) -> 0 | BY13: 89 | BZ13: =VLOOKUP(BY13,$AE$7:$AH$396,4) -> 0 | CB13: 64 | CC13: =VLOOKUP(CB13,$AE$7:$AH$396,4) -> 1 | CE13: 68 | CF13: =VLOOKUP(CE13,$AE$7:$AH$396,4) -> 0 | CH13: 296 | CI13: =VLOOKUP(CH13,$AE$7:$AH$396,4) -> 1 | CK13: 79 | CL13: =VLOOKUP(CK13,$AE$7:$AJ$396,5) -> 0 | CM13: 74 | CN13: =VLOOKUP(CM13,$AE$7:$AJ$396,6) -> 0 | CP13: 117 | CQ13: =VLOOKUP(CP13,$AE$7:$AJ$396,5) -> 0 | CR13: 130 | CS13: =VLOOKUP(CR13,$AE$7:$AJ$396,6) -> 1 | CU13: 97 | CV13: =VLOOKUP(CU13,$AE$7:$AJ$396,5) -> 0 | CW13: 225 | CX13: =VLOOKUP(CW13,$AE$7:$AJ$396,6) -> 1 | CZ13: 238 | DA13: =VLOOKUP(CZ13,$AE$7:$AJ$396,5) -> 0 | DE13: 65 | DF13: =VLOOKUP(DE13,$AE$7:$AJ$396,5) -> 0 | DJ13: 313 | DK13: =VLOOKUP(DJ13,$AE$7:$AJ$396,5) -> 0 | DL13: 156 | DM13: =VLOOKUP(DL13,$AE$7:$AJ$396,6) -> 0 | DO13: 193 | DP13: =VLOOKUP(DO13,$AE$7:$AJ$396,5) -> 0 | DT13: 183 | DU13: =VLOOKUP(DT13,$AE$7:$AJ$396,5) -> 0 | DY13: 113 | DZ13: =VLOOKUP(DY13,$AE$7:$AJ$396,5) -> 0 | ED13: 219 | EE13: =VLOOKUP(ED13,$AE$7:$AJ$396,5) -> 0 | EI13: 125 | EJ13: =VLOOKUP(EI13,$AE$7:$AJ$396,5) -> 0 | EN13: 67 | EO13: =VLOOKUP(EN13,$AE$7:$AJ$396,5) -> 0 | ES13: 177 | ET13: =VLOOKUP(ES13,$AE$7:$AJ$396,5) -> 1 | EU13: 249 | EV13: =VLOOKUP(EU13,$AE$7:$AJ$396,6) -> 0 | EX13: 72 | EY13: =VLOOKUP(EX13,$AE$7:$AJ$396,5) -> 0 | FC13: 28 | FD13: =VLOOKUP(FC13,$AE$7:$AJ$396,2) -> 2 | FE13: 183 | FF13: =VLOOKUP(FE13,$AE$7:$AJ$396,2) -> 2 | FG13: =IF(FD13<>FF13,1,0) -> 0 | FI13: 200 | FJ13: =VLOOKUP(FI13,$AE$7:$AJ$396,2) -> 1 | FO13: 95 | FP13: =VLOOKUP(FO13,$AE$7:$AJ$396,2) -> 2 | FR13: =IF(OR(AND(FP13=1,FQ13<>"Y"),AND(FP13=2,FQ13="Y")),1,0) -> 0 | FS13: 105 | FT13: =VLOOKUP(FS13,$AE$7:$AJ$396,2) -> 2 | FV13: =IF(OR(AND(FT13=1,FU13<>"Y"),AND(FT13=2,FU13="Y")),1,0) -> 0 | FX13: 233 | FY13: =VLOOKUP(FX13,$AE$7:$AJ$396,5) -> 0
B14: Items 181-240 | C14: 112121222212222221111122212222222222222222222222222222222221 | U14: Deviance | V14: =CM35 -> 7 | W14: =CM36 -> 71 | AE14: 8 | AF14: =IF(ISERROR(VALUE(MID($C$11,$AE14,1)))=TRUE,"TEXT",VALUE(MID($C$11,$AE14,1))) -> 2 | AH14: =IF(AF14=9,0,(IF(AG14="Y",AF14-1,2-AF14))) -> 0 | AI14: =IF(AF14=1,1,0) -> 0 | AJ14: =IF(AF14=2,1,0) -> 1 | AL14: 259 | AM14: =VLOOKUP(AL14,$AE$7:$AH$396,4) -> 0 | AO14: 67 | AP14: =VLOOKUP(AO14,$AE$7:$AH$396,4) -> 0 | AR14: 88 | AS14: =VLOOKUP(AR14,$AE$7:$AH$396,4) -> 0 | AU14: 56 | AV14: =VLOOKUP(AU14,$AE$7:$AH$396,4) -> 0 | AX14: 139 | AY14: =VLOOKUP(AX14,$AE$7:$AH$396,4) -> 1 | BA14: 237 | BB14: =VLOOKUP(BA14,$AE$7:$AH$396,4) -> 1 | BD14: 174 | BE14: =VLOOKUP(BD14,$AE$7:$AH$396,4) -> 1 | BG14: 86 | BH14: =VLOOKUP(BG14,$AE$7:$AH$396,4) -> 0 | BJ14: 62 | BK14: =VLOOKUP(BJ14,$AE$7:$AH$396,4) -> 0 | BM14: 256 | BN14: =VLOOKUP(BM14,$AE$7:$AH$396,4) -> 1 | BP14: 82 | BQ14: =VLOOKUP(BP14,$AE$7:$AH$396,4) -> 1 | BS14: 125 | BT14: =VLOOKUP(BS14,$AE$7:$AH$396,4) -> 0 | BV14: 74 | BW14: =VLOOKUP(BV14,$AE$7:$AH$396,4) -> 0 | BY14: 99 | BZ14: =VLOOKUP(BY14,$AE$7:$AH$396,4) -> 0 | CB14: 78 | CC14: =VLOOKUP(CB14,$AE$7:$AH$396,4) -> 1 | CE14: 79 | CF14: =VLOOKUP(CE14,$AE$7:$AH$396,4) -> 0 | CH14: 305 | CI14: =VLOOKUP(CH14,$AE$7:$AH$396,4) -> 0 | CK14: 43 | CL14: =VLOOKUP(CK14,$AE$7:$AJ$396,5) -> 0 | CM14: 77 | CN14: =VLOOKUP(CM14,$AE$7:$AJ$396,6) -> 0 | CP14: 164 | CQ14: =VLOOKUP(CP14,$AE$7:$AJ$396,5) -> 1 | CR14: 154 | CS14: =VLOOKUP(CR14,$AE$7:$AJ$396,6) -> 1 | CU14: 102 | CV14: =VLOOKUP(CU14,$AE$7:$AJ$396,5) -> 0 | CW14: 251 | CX14: =VLOOKUP(CW14,$AE$7:$AJ$396,6) -> 0 | CZ14: 265 | DA14: =VLOOKUP(CZ14,$AE$7:$AJ$396,5) -> 0 | DE14: 72 | DF14: =VLOOKUP(DE14,$AE$7:$AJ$396,5) -> 0 | DJ14: 327 | DK14: =VLOOKUP(DJ14,$AE$7:$AJ$396,5) -> 0 | DO14: 215 | DP14: =VLOOKUP(DO14,$AE$7:$AJ$396,5) -> 0 | DT14: 217 | DU14: =VLOOKUP(DT14,$AE$7:$AJ$396,5) -> 0 | DY14: 119 | DZ14: =VLOOKUP(DY14,$AE$7:$AJ$396,5) -> 0 | ED14: 246 | EE14: =VLOOKUP(ED14,$AE$7:$AJ$396,5) -> 0 | EI14: 138 | EJ14: =VLOOKUP(EI14,$AE$7:$AJ$396,5) -> 0 | EN14: 87 | EO14: =VLOOKUP(EN14,$AE$7:$AJ$396,5) -> 0 | ES14: 196 | ET14: =VLOOKUP(ES14,$AE$7:$AJ$396,5) -> 0 | EU14: 304 | EV14: =VLOOKUP(EU14,$AE$7:$AJ$396,6) -> 1 | EX14: 86 | EY14: =VLOOKUP(EX14,$AE$7:$AJ$396,5) -> 0 | FC14: 93 | FD14: =VLOOKUP(FC14,$AE$7:$AJ$396,2) -> 1 | FE14: 108 | FF14: =VLOOKUP(FE14,$AE$7:$AJ$396,2) -> 2 | FG14: =IF(FD14<>FF14,1,0) -> 1 | FI14: 109 | FJ14: =VLOOKUP(FI14,$AE$7:$AJ$396,2) -> 2 | FO14: 102 | FP14: =VLOOKUP(FO14,$AE$7:$AJ$396,2) -> 2 | FR14: =IF(OR(AND(FP14=1,FQ14<>"Y"),AND(FP14=2,FQ14="Y")),1,0) -> 0 | FS14: 108 | FT14: =VLOOKUP(FS14,$AE$7:$AJ$396,2) -> 2 | FV14: =IF(OR(AND(FT14=1,FU14<>"Y"),AND(FT14=2,FU14="Y")),1,0) -> 0 | FX14: 243 | FY14: =VLOOKUP(FX14,$AE$7:$AJ$396,5) -> 0
B15: Items 241-300 | C15: 212222221212112112222211222222222222222222212222222222122221 | U15: Back Deviance | V15: =FZ35 -> 1 | W15: =FZ36 -> 48 | Y15: =B19 -> Error Flags | AE15: 9 | AF15: =IF(ISERROR(VALUE(MID($C$11,$AE15,1)))=TRUE,"TEXT",VALUE(MID($C$11,$AE15,1))) -> 2 | AH15: =IF(AF15=9,0,(IF(AG15="Y",AF15-1,2-AF15))) -> 0 | AI15: =IF(AF15=1,1,0) -> 0 | AJ15: =IF(AF15=2,1,0) -> 1 | AL15: 260 | AM15: =VLOOKUP(AL15,$AE$7:$AH$396,4) -> 0 | AO15: 87 | AP15: =VLOOKUP(AO15,$AE$7:$AH$396,4) -> 0 | AR15: 91 | AS15: =VLOOKUP(AR15,$AE$7:$AH$396,4) -> 0 | AU15: 70 | AV15: =VLOOKUP(AU15,$AE$7:$AH$396,4) -> 0 | AX15: 142 | AY15: =VLOOKUP(AX15,$AE$7:$AH$396,4) -> 0 | BD15: 190 | BE15: =VLOOKUP(BD15,$AE$7:$AH$396,4) -> 0 | BG15: 103 | BH15: =VLOOKUP(BG15,$AE$7:$AH$396,4) -> 0 | BJ15: 75 | BK15: =VLOOKUP(BJ15,$AE$7:$AH$396,4) -> 1 | BM15: 257 | BN15: =VLOOKUP(BM15,$AE$7:$AH$396,4) -> 1 | BP15: 93 | BQ15: =VLOOKUP(BP15,$AE$7:$AH$396,4) -> 1 | BS15: 132 | BT15: =VLOOKUP(BS15,$AE$7:$AH$396,4) -> 0 | BV15: 92 | BW15: =VLOOKUP(BV15,$AE$7:$AH$396,4) -> 0 | BY15: 114 | BZ15: =VLOOKUP(BY15,$AE$7:$AH$396,4) -> 0 | CB15: 85 | CC15: =VLOOKUP(CB15,$AE$7:$AH$396,4) -> 0 | CE15: 111 | CF15: =VLOOKUP(CE15,$AE$7:$AH$396,4) -> 0 | CH15: 314 | CI15: =VLOOKUP(CH15,$AE$7:$AH$396,4) -> 0 | CK15: 105 | CL15: =VLOOKUP(CK15,$AE$7:$AJ$396,5) -> 0 | CM15: 84 | CN15: =VLOOKUP(CM15,$AE$7:$AJ$396,6) -> 0 | CP15: 186 | CQ15: =VLOOKUP(CP15,$AE$7:$AJ$396,5) -> 1 | CR15: 160 | CS15: =VLOOKUP(CR15,$AE$7:$AJ$396,6) -> 1 | CU15: 104 | CV15: =VLOOKUP(CU15,$AE$7:$AJ$396,5) -> 0 | CW15: 311 | CX15: =VLOOKUP(CW15,$AE$7:$AJ$396,6) -> 1 | CZ15: 281 | DA15: =VLOOKUP(CZ15,$AE$7:$AJ$396,5) -> 0 | DE15: 134 | DF15: =VLOOKUP(DE15,$AE$7:$AJ$396,5) -> 0 | DJ15: 340 | DK15: =VLOOKUP(DJ15,$AE$7:$AJ$396,5) -> 0 | DO15: 216 | DP15: =VLOOKUP(DO15,$AE$7:$AJ$396,5) -> 0 | DT15: 218 | DU15: =VLOOKUP(DT15,$AE$7:$AJ$396,5) -> 0 | DY15: 120 | DZ15: =VLOOKUP(DY15,$AE$7:$AJ$396,5) -> 0 | ED15: 267 | EE15: =VLOOKUP(ED15,$AE$7:$AJ$396,5) -> 0 | EI15: 160 | EJ15: =VLOOKUP(EI15,$AE$7:$AJ$396,5) -> 0 | EN15: 96 | EO15: =VLOOKUP(EN15,$AE$7:$AJ$396,5) -> 1 | ES15: 233 | ET15: =VLOOKUP(ES15,$AE$7:$AJ$396,5) -> 0 | EU15: 341 | EV15: =VLOOKUP(EU15,$AE$7:$AJ$396,6) -> 1 | EX15: 121 | EY15: =VLOOKUP(EX15,$AE$7:$AJ$396,5) -> 0 | FC15: 132 | FD15: =VLOOKUP(FC15,$AE$7:$AJ$396,2) -> 2 | FE15: 203 | FF15: =VLOOKUP(FE15,$AE$7:$AJ$396,2) -> 2 | FG15: =IF(FD15<>FF15,1,0) -> 0 | FI15: 194 | FJ15: =VLOOKUP(FI15,$AE$7:$AJ$396,2) -> 2 | FO15: 116 | FP15: =VLOOKUP(FO15,$AE$7:$AJ$396,2) -> 2 | FR15: =IF(OR(AND(FP15=1,FQ15<>"Y"),AND(FP15=2,FQ15="Y")),1,0) -> 0 | FS15: 127 | FT15: =VLOOKUP(FS15,$AE$7:$AJ$396,2) -> 2 | FU15: Y | FV15: =IF(OR(AND(FT15=1,FU15<>"Y"),AND(FT15=2,FU15="Y")),1,0) -> 1 | FX15: 268 | FY15: =VLOOKUP(FX15,$AE$7:$AJ$396,5) -> 0
B16: Items 301-360 | C16: 222221212221212212122211212121122222211221212222222222222222 | U16: Invalidity Index | V16: =V14+V13+V10+FM41+FS33 -> 28 | W16: =(((V16-16.2)/5)*10)+50 -> 74 | Y16: =B20 -> Wrong Characters: | Z16: =C20 -> 0 | AB16: =IF(OR($Z$16>0,$Z$17>0),"D A T A E N T R Y","") | AE16: 10 | AF16: =IF(ISERROR(VALUE(MID($C$11,$AE16,1)))=TRUE,"TEXT",VALUE(MID($C$11,$AE16,1))) -> 1 | AH16: =IF(AF16=9,0,(IF(AG16="Y",AF16-1,2-AF16))) -> 1 | AI16: =IF(AF16=1,1,0) -> 1 | AJ16: =IF(AF16=2,1,0) -> 0 | AL16: 264 | AM16: =VLOOKUP(AL16,$AE$7:$AH$396,4) -> 1 | AO16: 106 | AP16: =VLOOKUP(AO16,$AE$7:$AH$396,4) -> 0 | AR16: 102 | AS16: =VLOOKUP(AR16,$AE$7:$AH$396,4) -> 0 | AU16: 80 | AV16: =VLOOKUP(AU16,$AE$7:$AH$396,4) -> 0 | AX16: 157 | AY16: =VLOOKUP(AX16,$AE$7:$AH$396,4) -> 0 | BD16: 206 | BE16: =VLOOKUP(BD16,$AE$7:$AH$396,4) -> 0 | BG16: 128 | BH16: =VLOOKUP(BG16,$AE$7:$AH$396,4) -> 0 | BJ16: 81 | BK16: =VLOOKUP(BJ16,$AE$7:$AH$396,4) -> 0 | BM16: 262 | BN16: =VLOOKUP(BM16,$AE$7:$AH$396,4) -> 0 | BP16: 108 | BQ16: =VLOOKUP(BP16,$AE$7:$AH$396,4) -> 0 | BS16: 143 | BT16: =VLOOKUP(BS16,$AE$7:$AH$396,4) -> 0 | BV16: 101 | BW16: =VLOOKUP(BV16,$AE$7:$AH$396,4) -> 1 | BY16: 126 | BZ16: =VLOOKUP(BY16,$AE$7:$AH$396,4) -> 1 | CB16: 94 | CC16: =VLOOKUP(CB16,$AE$7:$AH$396,4) -> 0 | CE16: 116 | CF16: =VLOOKUP(CE16,$AE$7:$AH$396,4) -> 0 | CH16: 322 | CI16: =VLOOKUP(CH16,$AE$7:$AH$396,4) -> 0 | CM16: 85 | CN16: =VLOOKUP(CM16,$AE$7:$AJ$396,6) -> 1 | CP16: 198 | CQ16: =VLOOKUP(CP16,$AE$7:$AJ$396,5) -> 1 | CR16: 168 | CS16: =VLOOKUP(CR16,$AE$7:$AJ$396,6) -> 0 | CU16: 114 | CV16: =VLOOKUP(CU16,$AE$7:$AJ$396,5) -> 0 | CZ16: 292 | DA16: =VLOOKUP(CZ16,$AE$7:$AJ$396,5) -> 0 | DE16: 142 | DF16: =VLOOKUP(DE16,$AE$7:$AJ$396,5) -> 0 | DJ16: 355 | DK16: =VLOOKUP(DJ16,$AE$7:$AJ$396,5) -> 0 | DO16: 244 | DP16: =VLOOKUP(DO16,$AE$7:$AJ$396,5) -> 0 | DT16: 223 | DU16: =VLOOKUP(DT16,$AE$7:$AJ$396,5) -> 0 | DY16: 125 | DZ16: =VLOOKUP(DY16,$AE$7:$AJ$396,5) -> 0 | ED16: 274 | EE16: =VLOOKUP(ED16,$AE$7:$AJ$396,5) -> 0 | EI16: 180 | EJ16: =VLOOKUP(EI16,$AE$7:$AJ$396,5) -> 1 | EN16: 121 | EO16: =VLOOKUP(EN16,$AE$7:$AJ$396,5) -> 0 | ES16: 278 | ET16: =VLOOKUP(ES16,$AE$7:$AJ$396,5) -> 0 | EX16: 128 | EY16: =VLOOKUP(EX16,$AE$7:$AJ$396,5) -> 0 | FC16: 49 | FD16: =VLOOKUP(FC16,$AE$7:$AJ$396,2) -> 2 | FE16: 171 | FF16: =VLOOKUP(FE16,$AE$7:$AJ$396,2) -> 2 | FG16: =IF(FD16<>FF16,1,0) -> 0 | FI16: 31 | FJ16: =VLOOKUP(FI16,$AE$7:$AJ$396,2) -> 2 | FO16: 132 | FP16: =VLOOKUP(FO16,$AE$7:$AJ$396,2) -> 2 | FR16: =IF(OR(AND(FP16=1,FQ16<>"Y"),AND(FP16=2,FQ16="Y")),1,0) -> 0 | FS16: 136 | FT16: =VLOOKUP(FS16,$AE$7:$AJ$396,2) -> 2 | FU16: Y | FV16: =IF(OR(AND(FT16=1,FU16<>"Y"),AND(FT16=2,FU16="Y")),1,0) -> 1 | FX16: 313 | FY16: =VLOOKUP(FX16,$AE$7:$AJ$396,5) -> 0
B17: Items 361-390 | C17: 221222222222222222222222222222 | Y17: =B21 -> Line Length Errors: | Z17: =C21 -> 0 | AB17: =IF(OR($Z$16>0,$Z$17>0),"E R R O R !","") | AE17: 11 | AF17: =IF(ISERROR(VALUE(MID($C$11,$AE17,1)))=TRUE,"TEXT",VALUE(MID($C$11,$AE17,1))) -> 2 | AH17: =IF(AF17=9,0,(IF(AG17="Y",AF17-1,2-AF17))) -> 0 | AI17: =IF(AF17=1,1,0) -> 0 | AJ17: =IF(AF17=2,1,0) -> 1 | AL17: 269 | AM17: =VLOOKUP(AL17,$AE$7:$AH$396,4) -> 0 | AO17: 121 | AP17: =VLOOKUP(AO17,$AE$7:$AH$396,4) -> 0 | AR17: 104 | AS17: =VLOOKUP(AR17,$AE$7:$AH$396,4) -> 0 | AU17: 96 | AV17: =VLOOKUP(AU17,$AE$7:$AH$396,4) -> 1 | AX17: 161 | AY17: =VLOOKUP(AX17,$AE$7:$AH$396,4) -> 1 | BG17: 150 | BH17: =VLOOKUP(BG17,$AE$7:$AH$396,4) -> 1 | BJ17: 84 | BK17: =VLOOKUP(BJ17,$AE$7:$AH$396,4) -> 0 | BM17: 266 | BN17: =VLOOKUP(BM17,$AE$7:$AH$396,4) -> 0 | BP17: 137 | BQ17: =VLOOKUP(BP17,$AE$7:$AH$396,4) -> 1 | BS17: 155 | BT17: =VLOOKUP(BS17,$AE$7:$AH$396,4) -> 1 | BV17: 131 | BW17: =VLOOKUP(BV17,$AE$7:$AH$396,4) -> 0 | BY17: 130 | BZ17: =VLOOKUP(BY17,$AE$7:$AH$396,4) -> 1 | CB17: 115 | CC17: =VLOOKUP(CB17,$AE$7:$AH$396,4) -> 0 | CE17: 127 | CF17: =VLOOKUP(CE17,$AE$7:$AH$396,4) -> 1 | CH17: 330 | CI17: =VLOOKUP(CH17,$AE$7:$AH$396,4) -> 0 | CM17: 113 | CN17: =VLOOKUP(CM17,$AE$7:$AJ$396,6) -> 1 | CP17: 204 | CQ17: =VLOOKUP(CP17,$AE$7:$AJ$396,5) -> 0 | CR17: 173 | CS17: =VLOOKUP(CR17,$AE$7:$AJ$396,6) -> 1 | CU17: 117 | CV17: =VLOOKUP(CU17,$AE$7:$AJ$396,5) -> 0 | CZ17: 338 | DA17: =VLOOKUP(CZ17,$AE$7:$AJ$396,5) -> 1 | DE17: 150 | DF17: =VLOOKUP(DE17,$AE$7:$AJ$396,5) -> 1 | DJ17: 357 | DK17: =VLOOKUP(DJ17,$AE$7:$AJ$396,5) -> 0 | DO17: 250 | DP17: =VLOOKUP(DO17,$AE$7:$AJ$396,5) -> 0 | DT17: 245 | DU17: =VLOOKUP(DT17,$AE$7:$AJ$396,5) -> 0 | DY17: 143 | DZ17: =VLOOKUP(DY17,$AE$7:$AJ$396,5) -> 0 | ED17: 309 | EE17: =VLOOKUP(ED17,$AE$7:$AJ$396,5) -> 0 | EI17: 187 | EJ17: =VLOOKUP(EI17,$AE$7:$AJ$396,5) -> 0 | EN17: 122 | EO17: =VLOOKUP(EN17,$AE$7:$AJ$396,5) -> 0 | ES17: 295 | ET17: =VLOOKUP(ES17,$AE$7:$AJ$396,5) -> 1 | EX17: 140 | EY17: =VLOOKUP(EX17,$AE$7:$AJ$396,5) -> 0 | FC17: 143 | FD17: =VLOOKUP(FC17,$AE$7:$AJ$396,2) -> 2 | FE17: 155 | FF17: =VLOOKUP(FE17,$AE$7:$AJ$396,2) -> 1 | FG17: =IF(FD17<>FF17,1,0) -> 1 | FI17: 181 | FJ17: =VLOOKUP(FI17,$AE$7:$AJ$396,2) -> 1 | FO17: 151 | FP17: =VLOOKUP(FO17,$AE$7:$AJ$396,2) -> 2 | FR17: =IF(OR(AND(FP17=1,FQ17<>"Y"),AND(FP17=2,FQ17="Y")),1,0) -> 0 | FS17: 141 | FT17: =VLOOKUP(FS17,$AE$7:$AJ$396,2) -> 2 | FV17: =IF(OR(AND(FT17=1,FU17<>"Y"),AND(FT17=2,FU17="Y")),1,0) -> 0 | FX17: 315 | FY17: =VLOOKUP(FX17,$AE$7:$AJ$396,5) -> 0
U18: T&T Scales | Y18: =B22 -> Missing Values: | Z18: =C22 -> 0 | AE18: 12 | AF18: =IF(ISERROR(VALUE(MID($C$11,$AE18,1)))=TRUE,"TEXT",VALUE(MID($C$11,$AE18,1))) -> 2 | AH18: =IF(AF18=9,0,(IF(AG18="Y",AF18-1,2-AF18))) -> 0 | AI18: =IF(AF18=1,1,0) -> 0 | AJ18: =IF(AF18=2,1,0) -> 1 | AL18: 273 | AM18: =VLOOKUP(AL18,$AE$7:$AH$396,4) -> 0 | AO18: 133 | AP18: =VLOOKUP(AO18,$AE$7:$AH$396,4) -> 0 | AR18: 105 | AS18: =VLOOKUP(AR18,$AE$7:$AH$396,4) -> 0 | AU18: 109 | AV18: =VLOOKUP(AU18,$AE$7:$AH$396,4) -> 1 | AX18: 172 | AY18: =VLOOKUP(AX18,$AE$7:$AH$396,4) -> 0 | BG18: 162 | BH18: =VLOOKUP(BG18,$AE$7:$AH$396,4) -> 0 | BJ18: 95 | BK18: =VLOOKUP(BJ18,$AE$7:$AH$396,4) -> 0 | BM18: 270 | BN18: =VLOOKUP(BM18,$AE$7:$AH$396,4) -> 0 | BP18: 145 | BQ18: =VLOOKUP(BP18,$AE$7:$AH$396,4) -> 1 | BS18: 167 | BT18: =VLOOKUP(BS18,$AE$7:$AH$396,4) -> 1 | BV18: 140 | BW18: =VLOOKUP(BV18,$AE$7:$AH$396,4) -> 0 | BY18: 138 | BZ18: =VLOOKUP(BY18,$AE$7:$AH$396,4) -> 1 | CB18: 124 | CC18: =VLOOKUP(CB18,$AE$7:$AH$396,4) -> 1 | CE18: 168 | CF18: =VLOOKUP(CE18,$AE$7:$AH$396,4) -> 1 | CH18: 347 | CI18: =VLOOKUP(CH18,$AE$7:$AH$396,4) -> 1 | CM18: 131 | CN18: =VLOOKUP(CM18,$AE$7:$AJ$396,6) -> 0 | CP18: 208 | CQ18: =VLOOKUP(CP18,$AE$7:$AJ$396,5) -> 0 | CR18: 200 | CS18: =VLOOKUP(CR18,$AE$7:$AJ$396,6) -> 0 | CU18: 118 | CV18: =VLOOKUP(CU18,$AE$7:$AJ$396,5) -> 0 | CZ18: 345 | DA18: =VLOOKUP(CZ18,$AE$7:$AJ$396,5) -> 0 | DE18: 163 | DF18: =VLOOKUP(DE18,$AE$7:$AJ$396,5) -> 0 | DJ18: 380 | DK18: =VLOOKUP(DJ18,$AE$7:$AJ$396,5) -> 0 | DO18: 259 | DP18: =VLOOKUP(DO18,$AE$7:$AJ$396,5) -> 0 | DT18: 293 | DU18: =VLOOKUP(DT18,$AE$7:$AJ$396,5) -> 0 | DY18: 149 | DZ18: =VLOOKUP(DY18,$AE$7:$AJ$396,5) -> 1 | ED18: 321 | EE18: =VLOOKUP(ED18,$AE$7:$AJ$396,5) -> 0 | EI18: 192 | EJ18: =VLOOKUP(EI18,$AE$7:$AJ$396,5) -> 0 | EN18: 163 | EO18: =VLOOKUP(EN18,$AE$7:$AJ$396,5) -> 0 | ES18: 346 | ET18: =VLOOKUP(ES18,$AE$7:$AJ$396,5) -> 0 | EX18: 150 | EY18: =VLOOKUP(EX18,$AE$7:$AJ$396,5) -> 1 | FC18: 9 | FD18: =VLOOKUP(FC18,$AE$7:$AJ$396,2) -> 2 | FE18: 196 | FF18: =VLOOKUP(FE18,$AE$7:$AJ$396,2) -> 2 | FG18: =IF(FD18<>FF18,1,0) -> 0 | FI18: 212 | FJ18: =VLOOKUP(FI18,$AE$7:$AJ$396,2) -> 2 | FO18: 153 | FP18: =VLOOKUP(FO18,$AE$7:$AJ$396,2) -> 1 | FQ18: Y | FR18: =IF(OR(AND(FP18=1,FQ18<>"Y"),AND(FP18=2,FQ18="Y")),1,0) -> 0 | FS18: 167 | FT18: =VLOOKUP(FS18,$AE$7:$AJ$396,2) -> 1 | FV18: =IF(OR(AND(FT18=1,FU18<>"Y"),AND(FT18=2,FU18="Y")),1,0) -> 1 | FX18: 361 | FY18: =VLOOKUP(FX18,$AE$7:$AJ$396,5) -> 0
B19: Error Flags | U19: Negative Temperament | V19: =AM37 -> 3 | W19: =AM38 -> 40 | AE19: 13 | AF19: =IF(ISERROR(VALUE(MID($C$11,$AE19,1)))=TRUE,"TEXT",VALUE(MID($C$11,$AE19,1))) -> 2 | AH19: =IF(AF19=9,0,(IF(AG19="Y",AF19-1,2-AF19))) -> 0 | AI19: =IF(AF19=1,1,0) -> 0 | AJ19: =IF(AF19=2,1,0) -> 1 | AL19: 274 | AM19: =VLOOKUP(AL19,$AE$7:$AH$396,4) -> 0 | AO19: 144 | AP19: =VLOOKUP(AO19,$AE$7:$AH$396,4) -> 0 | AR19: 119 | AS19: =VLOOKUP(AR19,$AE$7:$AH$396,4) -> 0 | AU19: 122 | AV19: =VLOOKUP(AU19,$AE$7:$AH$396,4) -> 0 | AX19: 174 | AY19: =VLOOKUP(AX19,$AE$7:$AH$396,4) -> 1 | BG19: 178 | BH19: =VLOOKUP(BG19,$AE$7:$AH$396,4) -> 1 | BJ19: 100 | BK19: =VLOOKUP(BJ19,$AE$7:$AH$396,4) -> 0 | BM19: 276 | BN19: =VLOOKUP(BM19,$AE$7:$AH$396,4) -> 0 | BP19: 169 | BQ19: =VLOOKUP(BP19,$AE$7:$AH$396,4) -> 0 | BS19: 171 | BT19: =VLOOKUP(BS19,$AE$7:$AH$396,4) -> 0 | BV19: 158 | BW19: =VLOOKUP(BV19,$AE$7:$AH$396,4) -> 1 | BY19: 146 | BZ19: =VLOOKUP(BY19,$AE$7:$AH$396,4) -> 0 | CB19: 135 | CC19: =VLOOKUP(CB19,$AE$7:$AH$396,4) -> 1 | CE19: 180 | CF19: =VLOOKUP(CE19,$AE$7:$AH$396,4) -> 1 | CH19: 359 | CI19: =VLOOKUP(CH19,$AE$7:$AH$396,4) -> 0 | CM19: 200 | CN19: =VLOOKUP(CM19,$AE$7:$AJ$396,6) -> 0 | CP19: 220 | CQ19: =VLOOKUP(CP19,$AE$7:$AJ$396,5) -> 0 | CR19: 251 | CS19: =VLOOKUP(CR19,$AE$7:$AJ$396,6) -> 0 | CU19: 129 | CV19: =VLOOKUP(CU19,$AE$7:$AJ$396,5) -> 0 | CZ19: 354 | DA19: =VLOOKUP(CZ19,$AE$7:$AJ$396,5) -> 0 | DE19: 165 | DF19: =VLOOKUP(DE19,$AE$7:$AJ$396,5) -> 1 | DJ19: 386 | DK19: =VLOOKUP(DJ19,$AE$7:$AJ$396,5) -> 0 | DO19: 281 | DP19: =VLOOKUP(DO19,$AE$7:$AJ$396,5) -> 0 | DT19: 301 | DU19: =VLOOKUP(DT19,$AE$7:$AJ$396,5) -> 0 | DY19: 155 | DZ19: =VLOOKUP(DY19,$AE$7:$AJ$396,5) -> 1 | ED19: 333 | EE19: =VLOOKUP(ED19,$AE$7:$AJ$396,5) -> 0 | EI19: 202 | EJ19: =VLOOKUP(EI19,$AE$7:$AJ$396,5) -> 1 | EN19: 176 | EO19: =VLOOKUP(EN19,$AE$7:$AJ$396,5) -> 0 | ES19: 368 | ET19: =VLOOKUP(ES19,$AE$7:$AJ$396,5) -> 0 | EX19: 162 | EY19: =VLOOKUP(EX19,$AE$7:$AJ$396,5) -> 0 | FC19: 52 | FD19: =VLOOKUP(FC19,$AE$7:$AJ$396,2) -> 2 | FE19: 62 | FF19: =VLOOKUP(FE19,$AE$7:$AJ$396,2) -> 1 | FG19: =IF(FD19<>FF19,1,0) -> 1 | FI19: 225 | FJ19: =VLOOKUP(FI19,$AE$7:$AJ$396,2) -> 2 | FO19: 155 | FP19: =VLOOKUP(FO19,$AE$7:$AJ$396,2) -> 1 | FR19: =IF(OR(AND(FP19=1,FQ19<>"Y"),AND(FP19=2,FQ19="Y")),1,0) -> 1 | FS19: 171 | FT19: =VLOOKUP(FS19,$AE$7:$AJ$396,2) -> 2 | FV19: =IF(OR(AND(FT19=1,FU19<>"Y"),AND(FT19=2,FU19="Y")),1,0) -> 0 | FX19: 370 | FY19: =VLOOKUP(FX19,$AE$7:$AJ$396,5) -> 0
B20: Wrong Characters: | C20: =COUNTIF(AF7:AF396,"<1")+COUNTIF(AF7:AF396,">2")-COUNTIF(AF7:AF396,9)+COUNTIF(AF7:AF396,"TEXT") -> 0 | U20: Mistrust | V20: =AP37 -> 4 | W20: =AP38 -> 49 | Z20: Scores | AB20: No. of | AC20: Meet | AE20: 14 | AF20: =IF(ISERROR(VALUE(MID($C$11,$AE20,1)))=TRUE,"TEXT",VALUE(MID($C$11,$AE20,1))) -> 2 | AH20: =IF(AF20=9,0,(IF(AG20="Y",AF20-1,2-AF20))) -> 0 | AI20: =IF(AF20=1,1,0) -> 0 | AJ20: =IF(AF20=2,1,0) -> 1 | AL20: 277 | AM20: =VLOOKUP(AL20,$AE$7:$AH$396,4) -> 0 | AO20: 147 | AP20: =VLOOKUP(AO20,$AE$7:$AH$396,4) -> 1 | AR20: 129 | AS20: =VLOOKUP(AR20,$AE$7:$AH$396,4) -> 0 | AU20: 141 | AV20: =VLOOKUP(AU20,$AE$7:$AH$396,4) -> 0 | AX20: 190 | AY20: =VLOOKUP(AX20,$AE$7:$AH$396,4) -> 0 | BG20: 199 | BH20: =VLOOKUP(BG20,$AE$7:$AH$396,4) -> 0 | BJ20: 112 | BK20: =VLOOKUP(BJ20,$AE$7:$AH$396,4) -> 1 | BM20: 279 | BN20: =VLOOKUP(BM20,$AE$7:$AH$396,4) -> 0 | BP20: 183 | BQ20: =VLOOKUP(BP20,$AE$7:$AH$396,4) -> 0 | BS20: 179 | BT20: =VLOOKUP(BS20,$AE$7:$AH$396,4) -> 1 | BV20: 170 | BW20: =VLOOKUP(BV20,$AE$7:$AH$396,4) -> 1 | BY20: 154 | BZ20: =VLOOKUP(BY20,$AE$7:$AH$396,4) -> 1 | CB20: 151 | CC20: =VLOOKUP(CB20,$AE$7:$AH$396,4) -> 0 | CE20: 187 | CF20: =VLOOKUP(CE20,$AE$7:$AH$396,4) -> 0 | CP20: 232 | CQ20: =VLOOKUP(CP20,$AE$7:$AJ$396,5) -> 0 | CR20: 254 | CS20: =VLOOKUP(CR20,$AE$7:$AJ$396,6) -> 0 | CU20: 152 | CV20: =VLOOKUP(CU20,$AE$7:$AJ$396,5) -> 1 | CZ20: 364 | DA20: =VLOOKUP(CZ20,$AE$7:$AJ$396,5) -> 0 | DE20: 174 | DF20: =VLOOKUP(DE20,$AE$7:$AJ$396,5) -> 1 | DJ20: 389 | DK20: =VLOOKUP(DJ20,$AE$7:$AJ$396,5) -> 0 | DO20: 288 | DP20: =VLOOKUP(DO20,$AE$7:$AJ$396,5) -> 0 | DT20: 333 | DU20: =VLOOKUP(DT20,$AE$7:$AJ$396,5) -> 0 | DY20: 167 | DZ20: =VLOOKUP(DY20,$AE$7:$AJ$396,5) -> 1 | ED20: 351 | EE20: =VLOOKUP(ED20,$AE$7:$AJ$396,5) -> 0 | EI20: 234 | EJ20: =VLOOKUP(EI20,$AE$7:$AJ$396,5) -> 0 | EN20: 188 | EO20: =VLOOKUP(EN20,$AE$7:$AJ$396,5) -> 0 | ES20: 381 | ET20: =VLOOKUP(ES20,$AE$7:$AJ$396,5) -> 0 | EX20: 163 | EY20: =VLOOKUP(EX20,$AE$7:$AJ$396,5) -> 0 | FC20: 136 | FD20: =VLOOKUP(FC20,$AE$7:$AJ$396,2) -> 2 | FE20: 156 | FF20: =VLOOKUP(FE20,$AE$7:$AJ$396,2) -> 1 | FG20: =IF(FD20<>FF20,1,0) -> 1 | FI20: 141 | FJ20: =VLOOKUP(FI20,$AE$7:$AJ$396,2) -> 2 | FO20: 156 | FP20: =VLOOKUP(FO20,$AE$7:$AJ$396,2) -> 1 | FQ20: Y | FR20: =IF(OR(AND(FP20=1,FQ20<>"Y"),AND(FP20=2,FQ20="Y")),1,0) -> 0 | FS20: 184 | FT20: =VLOOKUP(FS20,$AE$7:$AJ$396,2) -> 1 | FV20: =IF(OR(AND(FT20=1,FU20<>"Y"),AND(FT20=2,FU20="Y")),1,0) -> 1 | FX20: 376 | FY20: =VLOOKUP(FX20,$AE$7:$AJ$396,5) -> 0
B21: Line Length Errors: | C21: =IF(LEN(C11)<>60,1,0)+IF(LEN(C12)<>60,1,0)+IF(LEN(C13)<>60,1,0)+IF(LEN(C14)<>60,1,0)+IF(LEN(C15)<>60,1,0)+IF(LEN(C16)<>60,1,0)+IF(LEN(C17)<>30,1,0) -> 0 | U21: Manipulativeness | V21: =AS37 -> 3 | W21: =AS38 -> 47 | Z21: Raw | AA21: T | AB21: Criteria | AC21: Dx? | AE21: 15 | AF21: =IF(ISERROR(VALUE(MID($C$11,$AE21,1)))=TRUE,"TEXT",VALUE(MID($C$11,$AE21,1))) -> 2 | AH21: =IF(AF21=9,0,(IF(AG21="Y",AF21-1,2-AF21))) -> 0 | AI21: =IF(AF21=1,1,0) -> 0 | AJ21: =IF(AF21=2,1,0) -> 1 | AL21: 281 | AM21: =VLOOKUP(AL21,$AE$7:$AH$396,4) -> 0 | AO21: 163 | AP21: =VLOOKUP(AO21,$AE$7:$AH$396,4) -> 0 | AR21: 149 | AS21: =VLOOKUP(AR21,$AE$7:$AH$396,4) -> 1 | AU21: 148 | AV21: =VLOOKUP(AU21,$AE$7:$AH$396,4) -> 0 | AX21: 193 | AY21: =VLOOKUP(AX21,$AE$7:$AH$396,4) -> 0 | BG21: 213 | BH21: =VLOOKUP(BG21,$AE$7:$AH$396,4) -> 0 | BJ21: 123 | BK21: =VLOOKUP(BJ21,$AE$7:$AH$396,4) -> 0 | BM21: 283 | BN21: =VLOOKUP(BM21,$AE$7:$AH$396,4) -> 0 | BP21: 195 | BQ21: =VLOOKUP(BP21,$AE$7:$AH$396,4) -> 0 | BS21: 203 | BT21: =VLOOKUP(BS21,$AE$7:$AH$396,4) -> 0 | BV21: 177 | BW21: =VLOOKUP(BV21,$AE$7:$AH$396,4) -> 1 | BY21: 173 | BZ21: =VLOOKUP(BY21,$AE$7:$AH$396,4) -> 1 | CB21: 160 | CC21: =VLOOKUP(CB21,$AE$7:$AH$396,4) -> 0 | CE21: 192 | CF21: =VLOOKUP(CE21,$AE$7:$AH$396,4) -> 0 | CP21: 247 | CQ21: =VLOOKUP(CP21,$AE$7:$AJ$396,5) -> 0 | CR21: 307 | CS21: =VLOOKUP(CR21,$AE$7:$AJ$396,6) -> 1 | CU21: 191 | CV21: =VLOOKUP(CU21,$AE$7:$AJ$396,5) -> 1 | CZ21: 373 | DA21: =VLOOKUP(CZ21,$AE$7:$AJ$396,5) -> 0 | DE21: 178 | DF21: =VLOOKUP(DE21,$AE$7:$AJ$396,5) -> 1 | DJ21: 390 | DK21: =VLOOKUP(DJ21,$AE$7:$AJ$396,5) -> 0 | DO21: 311 | DP21: =VLOOKUP(DO21,$AE$7:$AJ$396,5) -> 0 | DT21: 336 | DU21: =VLOOKUP(DT21,$AE$7:$AJ$396,5) -> 0 | DY21: 171 | DZ21: =VLOOKUP(DY21,$AE$7:$AJ$396,5) -> 0 | ED21: 358 | EE21: =VLOOKUP(ED21,$AE$7:$AJ$396,5) -> 0 | EI21: 302 | EJ21: =VLOOKUP(EI21,$AE$7:$AJ$396,5) -> 0 | EN21: 205 | EO21: =VLOOKUP(EN21,$AE$7:$AJ$396,5) -> 0 | EX21: 178 | EY21: =VLOOKUP(EX21,$AE$7:$AJ$396,5) -> 1 | FC21: 89 | FD21: =VLOOKUP(FC21,$AE$7:$AJ$396,2) -> 1 | FE21: 173 | FF21: =VLOOKUP(FE21,$AE$7:$AJ$396,2) -> 2 | FG21: =IF(FD21<>FF21,1,0) -> 1 | FI21: 153 | FJ21: =VLOOKUP(FI21,$AE$7:$AJ$396,2) -> 1 | FO21: 176 | FP21: =VLOOKUP(FO21,$AE$7:$AJ$396,2) -> 2 | FR21: =IF(OR(AND(FP21=1,FQ21<>"Y"),AND(FP21=2,FQ21="Y")),1,0) -> 0 | FS21: 190 | FT21: =VLOOKUP(FS21,$AE$7:$AJ$396,2) -> 2 | FV21: =IF(OR(AND(FT21=1,FU21<>"Y"),AND(FT21=2,FU21="Y")),1,0) -> 0 | FX21: 381 | FY21: =VLOOKUP(FX21,$AE$7:$AJ$396,5) -> 0
B22: Missing Values: | C22: =COUNTIF(AF7:AF396,9) -> 0 | U22: Aggression | V22: =AV37 -> 6 | W22: =AV38 -> 58 | Y22: Diagnostic Scales | AE22: 16 | AF22: =IF(ISERROR(VALUE(MID($C$11,$AE22,1)))=TRUE,"TEXT",VALUE(MID($C$11,$AE22,1))) -> 2 | AG22: Y | AH22: =IF(AF22=9,0,(IF(AG22="Y",AF22-1,2-AF22))) -> 1 | AI22: =IF(AF22=1,1,0) -> 0 | AJ22: =IF(AF22=2,1,0) -> 1 | AL22: 288 | AM22: =VLOOKUP(AL22,$AE$7:$AH$396,4) -> 0 | AO22: 176 | AP22: =VLOOKUP(AO22,$AE$7:$AH$396,4) -> 0 | AR22: 159 | AS22: =VLOOKUP(AR22,$AE$7:$AH$396,4) -> 0 | AU22: 153 | AV22: =VLOOKUP(AU22,$AE$7:$AH$396,4) -> 0 | AX22: 206 | AY22: =VLOOKUP(AX22,$AE$7:$AH$396,4) -> 0 | BG22: 221 | BH22: =VLOOKUP(BG22,$AE$7:$AH$396,4) -> 0 | BJ22: 136 | BK22: =VLOOKUP(BJ22,$AE$7:$AH$396,4) -> 1 | BM22: 284 | BN22: =VLOOKUP(BM22,$AE$7:$AH$396,4) -> 0 | BP22: 217 | BQ22: =VLOOKUP(BP22,$AE$7:$AH$396,4) -> 0 | BS22: 215 | BT22: =VLOOKUP(BS22,$AE$7:$AH$396,4) -> 1 | BV22: 182 | BW22: =VLOOKUP(BV22,$AE$7:$AH$396,4) -> 0 | BY22: 185 | BZ22: =VLOOKUP(BY22,$AE$7:$AH$396,4) -> 1 | CB22: 184 | CC22: =VLOOKUP(CB22,$AE$7:$AH$396,4) -> 1 | CE22: 211 | CF22: =VLOOKUP(CE22,$AE$7:$AH$396,4) -> 0 | CP22: 261 | CQ22: =VLOOKUP(CP22,$AE$7:$AJ$396,5) -> 0 | CU22: 198 | CV22: =VLOOKUP(CU22,$AE$7:$AJ$396,5) -> 1 | CZ22: 376 | DA22: =VLOOKUP(CZ22,$AE$7:$AJ$396,5) -> 0 | DE22: 194 | DF22: =VLOOKUP(DE22,$AE$7:$AJ$396,5) -> 0 | DO22: 316 | DP22: =VLOOKUP(DO22,$AE$7:$AJ$396,5) -> 0 | DT22: 348 | DU22: =VLOOKUP(DT22,$AE$7:$AJ$396,5) -> 0 | DY22: 235 | DZ22: =VLOOKUP(DY22,$AE$7:$AJ$396,5) -> 0 | ED22: 371 | EE22: =VLOOKUP(ED22,$AE$7:$AJ$396,5) -> 0 | EI22: 310 | EJ22: =VLOOKUP(EI22,$AE$7:$AJ$396,5) -> 0 | EN22: 207 | EO22: =VLOOKUP(EN22,$AE$7:$AJ$396,5) -> 0 | EX22: 213 | EY22: =VLOOKUP(EX22,$AE$7:$AJ$396,5) -> 0 | FC22: 98 | FD22: =VLOOKUP(FC22,$AE$7:$AJ$396,2) -> 2 | FE22: 193 | FF22: =VLOOKUP(FE22,$AE$7:$AJ$396,2) -> 2 | FG22: =IF(FD22<>FF22,1,0) -> 0 | FI22: 98 | FJ22: =VLOOKUP(FI22,$AE$7:$AJ$396,2) -> 2 | FO22: 181 | FP22: =VLOOKUP(FO22,$AE$7:$AJ$396,2) -> 1 | FQ22: Y | FR22: =IF(OR(AND(FP22=1,FQ22<>"Y"),AND(FP22=2,FQ22="Y")),1,0) -> 0 | FS22: 203 | FT22: =VLOOKUP(FS22,$AE$7:$AJ$396,2) -> 2 | FV22: =IF(OR(AND(FT22=1,FU22<>"Y"),AND(FT22=2,FU22="Y")),1,0) -> 0 | FX22: 386 | FY22: =VLOOKUP(FX22,$AE$7:$AJ$396,5) -> 0
U23: Self-harm | V23: =AY37 -> 6 | W23: =AY38 -> 66 | Y23: Paranoid | Z23: =EP38 -> 4 | AA23: =EP39 -> 46 | AB23: =EP40 -> 0 | AC23: =EP41 -> N | AE23: 17 | AF23: =IF(ISERROR(VALUE(MID($C$11,$AE23,1)))=TRUE,"TEXT",VALUE(MID($C$11,$AE23,1))) -> 2 | AG23: Y | AH23: =IF(AF23=9,0,(IF(AG23="Y",AF23-1,2-AF23))) -> 1 | AI23: =IF(AF23=1,1,0) -> 0 | AJ23: =IF(AF23=2,1,0) -> 1 | AL23: 290 | AM23: =VLOOKUP(AL23,$AE$7:$AH$396,4) -> 0 | AO23: 188 | AP23: =VLOOKUP(AO23,$AE$7:$AH$396,4) -> 0 | AR23: 166 | AS23: =VLOOKUP(AR23,$AE$7:$AH$396,4) -> 0 | AU23: 165 | AV23: =VLOOKUP(AU23,$AE$7:$AH$396,4) -> 1 | AX23: 237 | AY23: =VLOOKUP(AX23,$AE$7:$AH$396,4) -> 1 | BJ23: 156 | BK23: =VLOOKUP(BJ23,$AE$7:$AH$396,4) -> 0 | BM23: 291 | BN23: =VLOOKUP(BM23,$AE$7:$AH$396,4) -> 0 | BP23: 223 | BQ23: =VLOOKUP(BP23,$AE$7:$AH$396,4) -> 0 | BS23: 226 | BT23: =VLOOKUP(BS23,$AE$7:$AH$396,4) -> 1 | BV23: 196 | BW23: =VLOOKUP(BV23,$AE$7:$AH$396,4) -> 0 | BY23: 189 | BZ23: =VLOOKUP(BY23,$AE$7:$AH$396,4) -> 0 | CB23: 201 | CC23: =VLOOKUP(CB23,$AE$7:$AH$396,4) -> 1 | CE23: 214 | CF23: =VLOOKUP(CE23,$AE$7:$AH$396,4) -> 0 | CP23: 268 | CQ23: =VLOOKUP(CP23,$AE$7:$AJ$396,5) -> 0 | CU23: 209 | CV23: =VLOOKUP(CU23,$AE$7:$AJ$396,5) -> 0 | CZ23: 385 | DA23: =VLOOKUP(CZ23,$AE$7:$AJ$396,5) -> 0 | DE23: 204 | DF23: =VLOOKUP(DE23,$AE$7:$AJ$396,5) -> 0 | DO23: 320 | DP23: =VLOOKUP(DO23,$AE$7:$AJ$396,5) -> 0 | DT23: 363 | DU23: =VLOOKUP(DT23,$AE$7:$AJ$396,5) -> 1 | DY23: 266 | DZ23: =VLOOKUP(DY23,$AE$7:$AJ$396,5) -> 0 | ED23: 372 | EE23: =VLOOKUP(ED23,$AE$7:$AJ$396,5) -> 0 | EI23: 352 | EJ23: =VLOOKUP(EI23,$AE$7:$AJ$396,5) -> 0 | EN23: 224 | EO23: =VLOOKUP(EN23,$AE$7:$AJ$396,5) -> 0 | EX23: 233 | EY23: =VLOOKUP(EX23,$AE$7:$AJ$396,5) -> 0 | FC23: 35 | FD23: =VLOOKUP(FC23,$AE$7:$AJ$396,2) -> 2 | FE23: 140 | FF23: =VLOOKUP(FE23,$AE$7:$AJ$396,2) -> 2 | FG23: =IF(FD23<>FF23,1,0) -> 0 | FI23: 161 | FJ23: =VLOOKUP(FI23,$AE$7:$AJ$396,2) -> 2 | FO23: 206 | FP23: =VLOOKUP(FO23,$AE$7:$AJ$396,2) -> 1 | FQ23: Y | FR23: =IF(OR(AND(FP23=1,FQ23<>"Y"),AND(FP23=2,FQ23="Y")),1,0) -> 0 | FS23: 205 | FT23: =VLOOKUP(FS23,$AE$7:$AJ$396,2) -> 2 | FV23: =IF(OR(AND(FT23=1,FU23<>"Y"),AND(FT23=2,FU23="Y")),1,0) -> 0 | FX23: 387 | FY23: =VLOOKUP(FX23,$AE$7:$AJ$396,5) -> 0
C24: =IF(OR($Z$16>0,$Z$17>0),"D A T A E N T R Y","") | U24: Low Self-esteem | V24: =BB37 -> 3 | W24: =BB38 -> 65 | Y24: Schizoid | Z24: =EU38 -> 7 | AA24: =EU39 -> 55 | AB24: =EU40 -> 0 | AC24: =EU41 -> N | AE24: 18 | AF24: =IF(ISERROR(VALUE(MID($C$11,$AE24,1)))=TRUE,"TEXT",VALUE(MID($C$11,$AE24,1))) -> 1 | AH24: =IF(AF24=9,0,(IF(AG24="Y",AF24-1,2-AF24))) -> 1 | AI24: =IF(AF24=1,1,0) -> 1 | AJ24: =IF(AF24=2,1,0) -> 0 | AL24: 294 | AM24: =VLOOKUP(AL24,$AE$7:$AH$396,4) -> 0 | AO24: 205 | AP24: =VLOOKUP(AO24,$AE$7:$AH$396,4) -> 0 | AR24: 186 | AS24: =VLOOKUP(AR24,$AE$7:$AH$396,4) -> 1 | AU24: 181 | AV24: =VLOOKUP(AU24,$AE$7:$AH$396,4) -> 0 | BJ24: 197 | BK24: =VLOOKUP(BJ24,$AE$7:$AH$396,4) -> 0 | BM24: 297 | BN24: =VLOOKUP(BM24,$AE$7:$AH$396,4) -> 0 | BV24: 207 | BW24: =VLOOKUP(BV24,$AE$7:$AH$396,4) -> 0 | BY24: 198 | BZ24: =VLOOKUP(BY24,$AE$7:$AH$396,4) -> 1 | CB24: 202 | CC24: =VLOOKUP(CB24,$AE$7:$AH$396,4) -> 1 | CE24: 227 | CF24: =VLOOKUP(CE24,$AE$7:$AH$396,4) -> 1 | CP24: 272 | CQ24: =VLOOKUP(CP24,$AE$7:$AJ$396,5) -> 0 | CU24: 228 | CV24: =VLOOKUP(CU24,$AE$7:$AJ$396,5) -> 0 | CZ24: 388 | DA24: =VLOOKUP(CZ24,$AE$7:$AJ$396,5) -> 0 | DE24: 205 | DF24: =VLOOKUP(DE24,$AE$7:$AJ$396,5) -> 0 | DO24: 325 | DP24: =VLOOKUP(DO24,$AE$7:$AJ$396,5) -> 0 | DT24: 374 | DU24: =VLOOKUP(DT24,$AE$7:$AJ$396,5) -> 0 | DY24: 321 | DZ24: =VLOOKUP(DY24,$AE$7:$AJ$396,5) -> 0 | ED24: 375 | EE24: =VLOOKUP(ED24,$AE$7:$AJ$396,5) -> 0 | EI24: 356 | EJ24: =VLOOKUP(EI24,$AE$7:$AJ$396,5) -> 0 | EN24: 275 | EO24: =VLOOKUP(EN24,$AE$7:$AJ$396,5) -> 0 | EX24: 285 | EY24: =VLOOKUP(EX24,$AE$7:$AJ$396,5) -> 0 | FC24: 54 | FD24: =VLOOKUP(FC24,$AE$7:$AJ$396,2) -> 2 | FE24: 116 | FF24: =VLOOKUP(FE24,$AE$7:$AJ$396,2) -> 2 | FG24: =IF(FD24<>FF24,1,0) -> 0 | FI24: 190 | FJ24: =VLOOKUP(FI24,$AE$7:$AJ$396,2) -> 2 | FO24: 225 | FP24: =VLOOKUP(FO24,$AE$7:$AJ$396,2) -> 2 | FQ24: Y | FR24: =IF(OR(AND(FP24=1,FQ24<>"Y"),AND(FP24=2,FQ24="Y")),1,0) -> 1 | FS24: 212 | FT24: =VLOOKUP(FS24,$AE$7:$AJ$396,2) -> 2 | FV24: =IF(OR(AND(FT24=1,FU24<>"Y"),AND(FT24=2,FU24="Y")),1,0) -> 0 | FX24: 390 | FY24: =VLOOKUP(FX24,$AE$7:$AJ$396,5) -> 0
C25: =IF(OR($Z$16>0,$Z$17>0),"E R R O R !","") | U25: Suicide Proneness | V25: =BE37 -> 3 | W25: =BE38 -> 63 | Y25: Schizotypal | Z25: =EZ38 -> 5 | AA25: =EZ39 -> 46 | AB25: =EZ40 -> 0 | AC25: =EZ41 -> N | AE25: 19 | AF25: =IF(ISERROR(VALUE(MID($C$11,$AE25,1)))=TRUE,"TEXT",VALUE(MID($C$11,$AE25,1))) -> 2 | AG25: Y | AH25: =IF(AF25=9,0,(IF(AG25="Y",AF25-1,2-AF25))) -> 1 | AI25: =IF(AF25=1,1,0) -> 0 | AJ25: =IF(AF25=2,1,0) -> 1 | AL25: 298 | AM25: =VLOOKUP(AL25,$AE$7:$AH$396,4) -> 1 | AO25: 216 | AP25: =VLOOKUP(AO25,$AE$7:$AH$396,4) -> 0 | AR25: 200 | AS25: =VLOOKUP(AR25,$AE$7:$AH$396,4) -> 0 | AU25: 194 | AV25: =VLOOKUP(AU25,$AE$7:$AH$396,4) -> 0 | BJ25: 230 | BK25: =VLOOKUP(BJ25,$AE$7:$AH$396,4) -> 0 | BM25: 300 | BN25: =VLOOKUP(BM25,$AE$7:$AH$396,4) -> 1 | BV25: 218 | BW25: =VLOOKUP(BV25,$AE$7:$AH$396,4) -> 1 | BY25: 228 | BZ25: =VLOOKUP(BY25,$AE$7:$AH$396,4) -> 0 | CB25: 210 | CC25: =VLOOKUP(CB25,$AE$7:$AH$396,4) -> 0 | CE25: 234 | CF25: =VLOOKUP(CE25,$AE$7:$AH$396,4) -> 0 | CP25: 282 | CQ25: =VLOOKUP(CP25,$AE$7:$AJ$396,5) -> 0 | CU25: 229 | CV25: =VLOOKUP(CU25,$AE$7:$AJ$396,5) -> 0 | DE25: 232 | DF25: =VLOOKUP(DE25,$AE$7:$AJ$396,5) -> 0 | DO25: 358 | DP25: =VLOOKUP(DO25,$AE$7:$AJ$396,5) -> 0 | DT25: 384 | DU25: =VLOOKUP(DT25,$AE$7:$AJ$396,5) -> 0 | DY25: 332 | DZ25: =VLOOKUP(DY25,$AE$7:$AJ$396,5) -> 0 | ED25: 378 | EE25: =VLOOKUP(ED25,$AE$7:$AJ$396,5) -> 0 | EI25: 365 | EJ25: =VLOOKUP(EI25,$AE$7:$AJ$396,5) -> 0 | EN25: 299 | EO25: =VLOOKUP(EN25,$AE$7:$AJ$396,5) -> 0 | EX25: 299 | EY25: =VLOOKUP(EX25,$AE$7:$AJ$396,5) -> 0 | FC25: 111 | FD25: =VLOOKUP(FC25,$AE$7:$AJ$396,2) -> 2 | FE25: 168 | FF25: =VLOOKUP(FE25,$AE$7:$AJ$396,2) -> 1 | FG25: =IF(FD25<>FF25,1,0) -> 1 | FI25: 206 | FJ25: =VLOOKUP(FI25,$AE$7:$AJ$396,2) -> 1
U26: Eccentric Perceptions | V26: =BH37 -> 2 | W26: =BH38 -> 44 | AE26: 20 | AF26: =IF(ISERROR(VALUE(MID($C$11,$AE26,1)))=TRUE,"TEXT",VALUE(MID($C$11,$AE26,1))) -> 2 | AH26: =IF(AF26=9,0,(IF(AG26="Y",AF26-1,2-AF26))) -> 0 | AI26: =IF(AF26=1,1,0) -> 0 | AJ26: =IF(AF26=2,1,0) -> 1 | AL26: 301 | AM26: =VLOOKUP(AL26,$AE$7:$AH$396,4) -> 0 | AO26: 224 | AP26: =VLOOKUP(AO26,$AE$7:$AH$396,4) -> 0 | AR26: 208 | AS26: =VLOOKUP(AR26,$AE$7:$AH$396,4) -> 0 | AU26: 212 | AV26: =VLOOKUP(AU26,$AE$7:$AH$396,4) -> 0 | BM26: 306 | BN26: =VLOOKUP(BM26,$AE$7:$AH$396,4) -> 1 | BY26: 236 | BZ26: =VLOOKUP(BY26,$AE$7:$AH$396,4) -> 1 | CB26: 222 | CC26: =VLOOKUP(CB26,$AE$7:$AH$396,4) -> 0 | CP26: 318 | CQ26: =VLOOKUP(CP26,$AE$7:$AJ$396,5) -> 0 | CU26: 232 | CV26: =VLOOKUP(CU26,$AE$7:$AJ$396,5) -> 0 | DE26: 245 | DF26: =VLOOKUP(DE26,$AE$7:$AJ$396,5) -> 0 | DO26: 377 | DP26: =VLOOKUP(DO26,$AE$7:$AJ$396,5) -> 0 | DY26: 334 | DZ26: =VLOOKUP(DY26,$AE$7:$AJ$396,5) -> 0 | ED26: 382 | EE26: =VLOOKUP(ED26,$AE$7:$AJ$396,5) -> 0 | EI26: 366 | EJ26: =VLOOKUP(EI26,$AE$7:$AJ$396,5) -> 0 | EN26: 335 | EO26: =VLOOKUP(EN26,$AE$7:$AJ$396,5) -> 0 | EX26: 333 | EY26: =VLOOKUP(EX26,$AE$7:$AJ$396,5) -> 0 | FC26: 244 | FD26: =VLOOKUP(FC26,$AE$7:$AJ$396,2) -> 2 | FE26: 259 | FF26: =VLOOKUP(FE26,$AE$7:$AJ$396,2) -> 2 | FG26: =IF(FD26<>FF26,1,0) -> 0 | FI26: 6 | FJ26: =VLOOKUP(FI26,$AE$7:$AJ$396,2) -> 1
U27: Dependency | V27: =BK37 -> 5 | W27: =BK38 -> 53 | Y27: Antisocial | Z27: =CW35 -> 6 | AA27: =CW36 -> 48 | AB27: =CW37 -> 0/2 | AC27: =CW38 -> N | AE27: 21 | AF27: =IF(ISERROR(VALUE(MID($C$11,$AE27,1)))=TRUE,"TEXT",VALUE(MID($C$11,$AE27,1))) -> 2 | AH27: =IF(AF27=9,0,(IF(AG27="Y",AF27-1,2-AF27))) -> 0 | AI27: =IF(AF27=1,1,0) -> 0 | AJ27: =IF(AF27=2,1,0) -> 1 | AL27: 309 | AM27: =VLOOKUP(AL27,$AE$7:$AH$396,4) -> 0 | AR27: 219 | AS27: =VLOOKUP(AR27,$AE$7:$AH$396,4) -> 0 | AU27: 225 | AV27: =VLOOKUP(AU27,$AE$7:$AH$396,4) -> 1 | BM27: 308 | BN27: =VLOOKUP(BM27,$AE$7:$AH$396,4) -> 1 | CB27: 231 | CC27: =VLOOKUP(CB27,$AE$7:$AH$396,4) -> 0 | CP27: 326 | CQ27: =VLOOKUP(CP27,$AE$7:$AJ$396,5) -> 1 | CU27: 243 | CV27: =VLOOKUP(CU27,$AE$7:$AJ$396,5) -> 0 | DE27: 252 | DF27: =VLOOKUP(DE27,$AE$7:$AJ$396,5) -> 0 | DO27: 381 | DP27: =VLOOKUP(DO27,$AE$7:$AJ$396,5) -> 0 | DY27: 349 | DZ27: =VLOOKUP(DY27,$AE$7:$AJ$396,5) -> 0 | EI27: 367 | EJ27: =VLOOKUP(EI27,$AE$7:$AJ$396,5) -> 0 | EN27: 360 | EO27: =VLOOKUP(EN27,$AE$7:$AJ$396,5) -> 0 | EX27: 342 | EY27: =VLOOKUP(EX27,$AE$7:$AJ$396,5) -> 1 | FC27: 242 | FD27: =VLOOKUP(FC27,$AE$7:$AJ$396,2) -> 1 | FE27: 270 | FF27: =VLOOKUP(FE27,$AE$7:$AJ$396,2) -> 2 | FG27: =IF(FD27<>FF27,1,0) -> 1 | FI27: 69 | FJ27: =VLOOKUP(FI27,$AE$7:$AJ$396,2) -> 2
Y28: Borderline | Z28: =DG38 -> 8 | AA28: =DG39 -> 53 | AB28: =DG40 -> 0 | AC28: =DG41 -> N | AE28: 22 | AF28: =IF(ISERROR(VALUE(MID($C$11,$AE28,1)))=TRUE,"TEXT",VALUE(MID($C$11,$AE28,1))) -> 2 | AH28: =IF(AF28=9,0,(IF(AG28="Y",AF28-1,2-AF28))) -> 0 | AI28: =IF(AF28=1,1,0) -> 0 | AJ28: =IF(AF28=2,1,0) -> 1 | AL28: 311 | AM28: =VLOOKUP(AL28,$AE$7:$AH$396,4) -> 0 | BM28: 317 | BN28: =VLOOKUP(BM28,$AE$7:$AH$396,4) -> 1 | CP28: 329 | CQ28: =VLOOKUP(CP28,$AE$7:$AJ$396,5) -> 0 | CU28: 258 | CV28: =VLOOKUP(CU28,$AE$7:$AJ$396,5) -> 0 | DA28: raw score: | DB28: =SUM(DA8:DA27,DC8:DC27) -> 3 | DE28: 269 | DF28: =VLOOKUP(DE28,$AE$7:$AJ$396,5) -> 0 | DY28: 371 | DZ28: =VLOOKUP(DY28,$AE$7:$AJ$396,5) -> 0 | EX28: 344 | EY28: =VLOOKUP(EX28,$AE$7:$AJ$396,5) -> 1 | FC28: 249 | FD28: =VLOOKUP(FC28,$AE$7:$AJ$396,2) -> 1 | FE28: 262 | FF28: =VLOOKUP(FE28,$AE$7:$AJ$396,2) -> 2 | FG28: =IF(FD28<>FF28,1,0) -> 1 | FI28: 45 | FJ28: =VLOOKUP(FI28,$AE$7:$AJ$396,2) -> 2 | FR28: hi raw | FS28: =SUM(FR8:FR24) -> 4
U29: Positive Temperament | V29: =BN37 -> 13 | W29: =BN38 -> 40 | Y29: Histrionic | Z29: =DV38 -> 5 | AA29: =DV39 -> 41 | AB29: =DV40 -> 0 | AC29: =DV41 -> N | AE29: 23 | AF29: =IF(ISERROR(VALUE(MID($C$11,$AE29,1)))=TRUE,"TEXT",VALUE(MID($C$11,$AE29,1))) -> 2 | AH29: =IF(AF29=9,0,(IF(AG29="Y",AF29-1,2-AF29))) -> 0 | AI29: =IF(AF29=1,1,0) -> 0 | AJ29: =IF(AF29=2,1,0) -> 1 | AL29: 312 | AM29: =VLOOKUP(AL29,$AE$7:$AH$396,4) -> 0 | BM29: 319 | BN29: =VLOOKUP(BM29,$AE$7:$AH$396,4) -> 1 | CU29: 289 | CV29: =VLOOKUP(CU29,$AE$7:$AJ$396,5) -> 0 | DA29: T score: | DB29: =(((DB28-5.22)/4.03)*10)+50 -> 44 | DE29: 273 | DF29: =VLOOKUP(DE29,$AE$7:$AJ$396,5) -> 0 | EX29: 384 | EY29: =VLOOKUP(EX29,$AE$7:$AJ$396,5) -> 0 | FC29: 248 | FD29: =VLOOKUP(FC29,$AE$7:$AJ$396,2) -> 2 | FE29: 269 | FF29: =VLOOKUP(FE29,$AE$7:$AJ$396,2) -> 2 | FG29: =IF(FD29<>FF29,1,0) -> 0 | FI29: 183 | FJ29: =VLOOKUP(FI29,$AE$7:$AJ$396,2) -> 2 | FR29: lo raw | FS29: =SUM(FV8:FV24) -> 4
U30: Exhibitionism | V30: =BQ37 -> 6 | W30: =BQ38 -> 48 | Y30: Narcissistic | Z30: =EA38 -> 6 | AA30: =EA39 -> 41 | AB30: =EA40 -> 0 | AC30: =EA41 -> N | AE30: 24 | AF30: =IF(ISERROR(VALUE(MID($C$11,$AE30,1)))=TRUE,"TEXT",VALUE(MID($C$11,$AE30,1))) -> 2 | AG30: Y | AH30: =IF(AF30=9,0,(IF(AG30="Y",AF30-1,2-AF30))) -> 1 | AI30: =IF(AF30=1,1,0) -> 0 | AJ30: =IF(AF30=2,1,0) -> 1 | AL30: 316 | AM30: =VLOOKUP(AL30,$AE$7:$AH$396,4) -> 0 | BM30: 324 | BN30: =VLOOKUP(BM30,$AE$7:$AH$396,4) -> 1 | CU30: 318 | CV30: =VLOOKUP(CU30,$AE$7:$AJ$396,5) -> 0 | DA30: criteria: | DB30: =SUM(DB33:DB39) -> 0 | DE30: 274 | DF30: =VLOOKUP(DE30,$AE$7:$AJ$396,5) -> 0 | FI30: 57 | FJ30: =VLOOKUP(FI30,$AE$7:$AJ$396,2) -> 2 | FR30: DRIN raw | FS30: =FS28+(17-FS29) -> 17
U31: Entitlement | V31: =BT37 -> 5 | W31: =BT38 -> 41 | AE31: 25 | AF31: =IF(ISERROR(VALUE(MID($C$11,$AE31,1)))=TRUE,"TEXT",VALUE(MID($C$11,$AE31,1))) -> 1 | AG31: Y | AH31: =IF(AF31=9,0,(IF(AG31="Y",AF31-1,2-AF31))) -> 0 | AI31: =IF(AF31=1,1,0) -> 1 | AJ31: =IF(AF31=2,1,0) -> 0 | AL31: 320 | AM31: =VLOOKUP(AL31,$AE$7:$AH$396,4) -> 0 | BM31: 328 | BN31: =VLOOKUP(BM31,$AE$7:$AH$396,4) -> 1 | CU31: 353 | CV31: =VLOOKUP(CU31,$AE$7:$AJ$396,5) -> 0 | DA31: dx: | DB31: =IF(DB30>=4,"Y","N") -> N | DE31: 315 | DF31: =VLOOKUP(DE31,$AE$7:$AJ$396,5) -> 0 | FI31: 82 | FJ31: =VLOOKUP(FI31,$AE$7:$AJ$396,2) -> 2 | FR31: T score: | FS31: =(((FS30-19)/2)*10)+50 -> 40
U32: Detachment | V32: =BW37 -> 5 | W32: =BW38 -> 49 | Y32: Avoidant | Z32: =DB28 -> 3 | AA32: =DB29 -> 44 | AB32: =DB30 -> 0 | AC32: =DB31 -> N | AE32: 26 | AF32: =IF(ISERROR(VALUE(MID($C$11,$AE32,1)))=TRUE,"TEXT",VALUE(MID($C$11,$AE32,1))) -> 1 | AG32: Y | AH32: =IF(AF32=9,0,(IF(AG32="Y",AF32-1,2-AF32))) -> 0 | AI32: =IF(AF32=1,1,0) -> 1 | AJ32: =IF(AF32=2,1,0) -> 0 | AL32: 323 | AM32: =VLOOKUP(AL32,$AE$7:$AH$396,4) -> 1 | BM32: 336 | BN32: =VLOOKUP(BM32,$AE$7:$AH$396,4) -> 0 | CU32: 361 | CV32: =VLOOKUP(CU32,$AE$7:$AJ$396,5) -> 0 | DE32: 338 | DF32: =VLOOKUP(DE32,$AE$7:$AJ$396,5) -> 1 | FI32: 49 | FJ32: =VLOOKUP(FI32,$AE$7:$AJ$396,2) -> 2
Y33: Dependent | Z33: =DL38 -> 2 | AA33: =DL39 -> 47 | AB33: =DL40 -> 0 | AC33: =DL41 -> N | AE33: 27 | AF33: =IF(ISERROR(VALUE(MID($C$11,$AE33,1)))=TRUE,"TEXT",VALUE(MID($C$11,$AE33,1))) -> 1 | AH33: =IF(AF33=9,0,(IF(AG33="Y",AF33-1,2-AF33))) -> 1 | AI33: =IF(AF33=1,1,0) -> 1 | AJ33: =IF(AF33=2,1,0) -> 0 | AL33: 325 | AM33: =VLOOKUP(AL33,$AE$7:$AH$396,4) -> 0 | BM33: 337 | BN33: =VLOOKUP(BM33,$AE$7:$AH$396,4) -> 0 | CU33: 387 | CV33: =VLOOKUP(CU33,$AE$7:$AJ$396,5) -> 0 | DA33: C1: | DB33: =IF(SUM(DC8,DC9,DA9,DA18)=4,1,0) -> 0 | DE33: 345 | DF33: =VLOOKUP(DE33,$AE$7:$AJ$396,5) -> 0 | FI33: 215 | FJ33: =VLOOKUP(FI33,$AE$7:$AJ$396,2) -> 2 | FR33: DRINX: | FS33: =IF(FS30>=17,FS30-17,17-FS30) -> 0
U34: Disinhibition | V34: =CR35 -> 10 | W34: =CR36 -> 52 | Y34: Obsessive Compulsive | Z34: =EK38 -> 8 | AA34: =EK39 -> 41 | AB34: =EK40 -> 1 | AC34: =EK41 -> N | AE34: 28 | AF34: =IF(ISERROR(VALUE(MID($C$11,$AE34,1)))=TRUE,"TEXT",VALUE(MID($C$11,$AE34,1))) -> 2 | AH34: =IF(AF34=9,0,(IF(AG34="Y",AF34-1,2-AF34))) -> 0 | AI34: =IF(AF34=1,1,0) -> 0 | AJ34: =IF(AF34=2,1,0) -> 1 | AL34: 331 | AM34: =VLOOKUP(AL34,$AE$7:$AH$396,4) -> 0 | BM34: 341 | BN34: =VLOOKUP(BM34,$AE$7:$AH$396,4) -> 0 | DA34: C2: | DB34: =IF(SUM(DA12,DA14)=2,1,0) -> 0 | DE34: 362 | DF34: =VLOOKUP(DE34,$AE$7:$AJ$396,5) -> 0 | FI34: 167 | FJ34: =VLOOKUP(FI34,$AE$7:$AJ$396,2) -> 1
U35: Impulsivity | V35: =BZ37 -> 9 | W35: =BZ38 -> 59 | AE35: 29 | AF35: =IF(ISERROR(VALUE(MID($C$11,$AE35,1)))=TRUE,"TEXT",VALUE(MID($C$11,$AE35,1))) -> 1 | AH35: =IF(AF35=9,0,(IF(AG35="Y",AF35-1,2-AF35))) -> 1 | AI35: =IF(AF35=1,1,0) -> 1 | AJ35: =IF(AF35=2,1,0) -> 0 | AL35: 333 | AM35: =VLOOKUP(AL35,$AE$7:$AH$396,4) -> 0 | CL35: raw score: | CM35: =SUM(CL8:CL25,CN8:CN25) -> 7 | CQ35: raw score: | CR35: =SUM(CQ8:CQ30,CS8:CS29) -> 10 | CV35: raw score: | CW35: =SUM(CV8:CV33,CX8:CX33) -> 6 | DA35: C3: | DB35: =IF(SUM(DA22,DA24)=2,1,0) -> 0 | DE35: 379 | DF35: =VLOOKUP(DE35,$AE$7:$AJ$396,5) -> 0 | FI35: 226 | FJ35: =VLOOKUP(FI35,$AE$7:$AJ$396,2) -> 2 | FY35: raw score: | FZ35: =SUM(FY8:FY25,GA8:GA25) -> 1
U36: Propriety | V36: =CC37 -> 8 | W36: =CC38 -> 42 | Y36: Depressive | Z36: =DQ38 -> 3 | AA36: =DQ39 -> 42 | AB36: =DQ40 -> 0 | AC36: =DQ41 -> N | AE36: 30 | AF36: =IF(ISERROR(VALUE(MID($C$11,$AE36,1)))=TRUE,"TEXT",VALUE(MID($C$11,$AE36,1))) -> 1 | AH36: =IF(AF36=9,0,(IF(AG36="Y",AF36-1,2-AF36))) -> 1 | AI36: =IF(AF36=1,1,0) -> 1 | AJ36: =IF(AF36=2,1,0) -> 0 | CL36: T score: | CM36: =(((CM35-2.5)/2.1)*10)+50 -> 71 | CQ36: T score: | CR36: =(((CR35-9)/5.8)*10)+50 -> 52 | CV36: T score: | CW36: =(((CW35-7.07)/5.04)*10)+50 -> 48 | DA36: C4: | DB36: =IF(SUM(DA13,DA15,DA17)=3,1,0) -> 0 | DE36: 383 | DF36: =VLOOKUP(DE36,$AE$7:$AJ$396,5) -> 0 | FI36: 140 | FJ36: =VLOOKUP(FI36,$AE$7:$AJ$396,2) -> 2 | FY36: T score: | FZ36: =(((FZ35-1.49)/2.05)*10)+50 -> 48
U37: Workaholism | V37: =CF37 -> 6 | W37: =CF38 -> 46 | Y37: Passive Aggressive | Z37: =EF38 -> 3 | AA37: =EF39 -> 46 | AB37: =EF40 -> 0 | AC37: =EF41 -> N | AE37: 31 | AF37: =IF(ISERROR(VALUE(MID($C$11,$AE37,1)))=TRUE,"TEXT",VALUE(MID($C$11,$AE37,1))) -> 2 | AH37: =IF(AF37=9,0,(IF(AG37="Y",AF37-1,2-AF37))) -> 0 | AI37: =IF(AF37=1,1,0) -> 0 | AJ37: =IF(AF37=2,1,0) -> 1 | AL37: raw score: | AM37: =SUM(AM8:AM35) -> 3 | AO37: raw score: | AP37: =SUM(AP8:AP35) -> 4 | AR37: raw score: | AS37: =SUM(AS8:AS35) -> 3 | AU37: raw score: | AV37: =SUM(AV8:AV35) -> 6 | AX37: raw score: | AY37: =SUM(AY8:AY35) -> 6 | BA37: raw score: | BB37: =SUM(BB8:BB35) -> 3 | BD37: raw score: | BE37: =SUM(BE8:BE35) -> 3 | BG37: raw score: | BH37: =SUM(BH8:BH35) -> 2 | BJ37: raw score: | BK37: =SUM(BK8:BK35) -> 5 | BM37: raw score: | BN37: =SUM(BN8:BN35) -> 13 | BP37: raw score: | BQ37: =SUM(BQ8:BQ35) -> 6 | BS37: raw score: | BT37: =SUM(BT8:BT35) -> 5 | BV37: raw score: | BW37: =SUM(BW8:BW35) -> 5 | BY37: raw score: | BZ37: =SUM(BZ8:BZ35) -> 9 | CB37: raw score: | CC37: =SUM(CC8:CC35) -> 8 | CE37: raw score: | CF37: =SUM(CF8:CF35) -> 6 | CH37: raw score: | CI37: =SUM(CI8:CI35) -> 3 | CV37: criteria: | CW37: =CONCATENATE(CW47,"/",CW60) -> 0/2 | DA37: C5: | DB37: =IF(SUM(DA11,DA16,DA23)=3,1,0) -> 0 | FI37: 218 | FJ37: =VLOOKUP(FI37,$AE$7:$AJ$396,2) -> 2
AE38: 32 | AF38: =IF(ISERROR(VALUE(MID($C$11,$AE38,1)))=TRUE,"TEXT",VALUE(MID($C$11,$AE38,1))) -> 2 | AH38: =IF(AF38=9,0,(IF(AG38="Y",AF38-1,2-AF38))) -> 0 | AI38: =IF(AF38=1,1,0) -> 0 | AJ38: =IF(AF38=2,1,0) -> 1 | AL38: T score: | AM38: =(((AM37-10.4)/7.2)*10)+50 -> 40 | AO38: T score: | AP38: =(((AP37-4.6)/4.1)*10)+50 -> 49 | AR38: T score: | AS38: =(((AS37-4)/3.2)*10)+50 -> 47 | AU38: T score: | AV38: =(((AV37-3.3)/3.5)*10)+50 -> 58 | AX38: T score: | AY38: =(((AY37-1.9)/2.6)*10)+50 -> 66 | BA38: T score: | BB38: =(((BB37-0.8)/1.5)*10)+50 -> 65 | BD38: T score: | BE38: =(((BE37-1)/1.5)*10)+50 -> 63 | BG38: T score: | BH38: =(((BH37-3.8)/3.2)*10)+50 -> 44 | BJ38: T score: | BK38: =(((BK37-4)/3.1)*10)+50 -> 53 | BM38: T score: | BN38: =(((BN37-18.7)/5.6)*10)+50 -> 40 | BP38: T score: | BQ38: =(((BQ37-6.7)/3.7)*10)+50 -> 48 | BS38: T score: | BT38: =(((BT37-7.9)/3.4)*10)+50 -> 41 | BV38: T score: | BW38: =(((BW37-5.5)/4.1)*10)+50 -> 49 | BY38: T score: | BZ38: =(((BZ37-5.5)/3.9)*10)+50 -> 59 | CB38: T score: | CC38: =(((CC37-11.6)/4.6)*10)+50 -> 42 | CE38: T score: | CF38: =(((CF37-7.4)/3.7)*10)+50 -> 46 | CH38: T score: | CI38: =(((CI37-3.1)/2.4)*10)+50 -> 50 | CV38: dx: | CW38: =IF(AND(CX47="Y",CX60="Y"),"Y","N") -> N | DA38: C6: | DB38: =IF(SUM(DA8,DA10,DA21)=3,1,0) -> 0 | DF38: raw score: | DG38: =SUM(DF8:DF36,DH8:DH36) -> 8 | DK38: raw score: | DL38: =SUM(DK8:DK27,DM8:DM27) -> 2 | DP38: raw score: | DQ38: =SUM(DP8:DP27,DR8:DR27) -> 3 | DU38: raw score: | DV38: =SUM(DU8:DU27,DW8:DW27) -> 5 | DZ38: raw score: | EA38: =SUM(DZ8:DZ28,EB8:EB27) -> 6 | EE38: raw score: | EF38: =SUM(EE8:EE27,EG8:EG27) -> 3 | EJ38: raw score: | EK38: =SUM(EJ8:EJ27,EL8:EL27) -> 8 | EO38: raw score: | EP38: =SUM(EO8:EO27,EQ8:EQ27) -> 4 | ET38: raw score: | EU38: =SUM(ET8:ET27,EV8:EV27) -> 7 | EY38: raw score: | EZ38: =SUM(EY8:EY29,FA8:FA29) -> 5 | FE38: raw score: | FF38: =SUM(FG8:FG37) -> 9 | FI38: 84 | FJ38: =VLOOKUP(FI38,$AE$7:$AJ$396,2) -> 1 | FL38: raw score: | FM38: =COUNTIF(FJ8:FJ47,"=1") -> 11
AE39: 33 | AF39: =IF(ISERROR(VALUE(MID($C$11,$AE39,1)))=TRUE,"TEXT",VALUE(MID($C$11,$AE39,1))) -> 2 | AH39: =IF(AF39=9,0,(IF(AG39="Y",AF39-1,2-AF39))) -> 0 | AI39: =IF(AF39=1,1,0) -> 0 | AJ39: =IF(AF39=2,1,0) -> 1 | DA39: C7: | DB39: =IF(SUM(DA19,DA20)=2,1,0) -> 0 | DF39: T score: | DG39: =(((DG38-6.37)/4.84)*10)+50 -> 53 | DK39: T score: | DL39: =(((DL38-2.89)/2.82)*10)+50 -> 47 | DP39: T score: | DQ39: =(((DQ38-6.85)/4.67)*10)+50 -> 42 | DU39: T score: | DV39: =(((DV38-8.72)/4.09)*10)+50 -> 41 | DZ39: T score: | EA39: =(((EA38-9.5)/3.81)*10)+50 -> 41 | EE39: T score: | EF39: =(((EF38-4.37)/3.68)*10)+50 -> 46 | EJ39: T score: | EK39: =(((EK38-11.48)/3.86)*10)+50 -> 41 | EO39: T score: | EP39: =(((EP38-5.86)/4.57)*10)+50 -> 46 | ET39: T score: | EU39: =(((EU38-5.17)/3.48)*10)+50 -> 55 | EY39: T score: | EZ39: =(((EZ38-6.71)/4.49)*10)+50 -> 46 | FE39: T score: | FF39: =(((FF38-5.2)/2.2)*10)+50 -> 67 | FI39: 95 | FJ39: =VLOOKUP(FI39,$AE$7:$AJ$396,2) -> 2 | FL39: T score: | FM39: =(((FM38-17.2)/2.6)*10)+50 -> 26
AE40: 34 | AF40: =IF(ISERROR(VALUE(MID($C$11,$AE40,1)))=TRUE,"TEXT",VALUE(MID($C$11,$AE40,1))) -> 2 | AH40: =IF(AF40=9,0,(IF(AG40="Y",AF40-1,2-AF40))) -> 0 | AI40: =IF(AF40=1,1,0) -> 0 | AJ40: =IF(AF40=2,1,0) -> 1 | CV40: A1: | CW40: =IF(CX10+CV17+CV26=3,1,0) -> 0 | DF40: criteria: | DG40: =SUM(DG43:DG51) -> 0 | DK40: criteria: | DL40: =SUM(DL43:DL50) -> 0 | DP40: criteria: | DQ40: =SUM(DQ43:DQ49) -> 0 | DU40: criteria: | DV40: =SUM(DV43:DV49) -> 0 | DZ40: criteria: | EA40: =SUM(EA43:EA51) -> 0 | EE40: criteria: | EF40: =SUM(EF43:EF49) -> 0 | EJ40: criteria: | EK40: =SUM(EK43:EK50) -> 1 | EO40: criteria: | EP40: =SUM(EP43:EP49) -> 0 | ET40: criteria: | EU40: =SUM(EU43:EU49) -> 0 | EY40: criteria: | EZ40: =SUM(EZ43:EZ50) -> 0 | FI40: 47 | FJ40: =VLOOKUP(FI40,$AE$7:$AJ$396,2) -> 2
AE41: 35 | AF41: =IF(ISERROR(VALUE(MID($C$11,$AE41,1)))=TRUE,"TEXT",VALUE(MID($C$11,$AE41,1))) -> 2 | AH41: =IF(AF41=9,0,(IF(AG41="Y",AF41-1,2-AF41))) -> 0 | AI41: =IF(AF41=1,1,0) -> 0 | AJ41: =IF(AF41=2,1,0) -> 1 | CV41: A2: | CW41: =IF(CV10+CX11+CX13>=2,1,0) -> 0 | DF41: dx: | DG41: =IF(DG40>=5,"Y","N") -> N | DK41: dx: | DL41: =IF(DL40>=5,"Y","N") -> N | DP41: dx: | DQ41: =IF(DQ40>=5,"Y","N") -> N | DU41: dx: | DV41: =IF(DV40>=5,"Y","N") -> N | DZ41: dx: | EA41: =IF(EA40>=5,"Y","N") -> N | EE41: dx: | EF41: =IF(EF40>=4,"Y","N") -> N | EJ41: dx: | EK41: =IF(EK40>=4,"Y","N") -> N | EO41: dx: | EP41: =IF(EP40>=4,"Y","N") -> N | ET41: dx: | EU41: =IF(EU40>=4,"Y","N") -> N | EY41: dx: | EZ41: =IF(EZ40>=5,"Y","N") -> N | FI41: 127 | FJ41: =VLOOKUP(FI41,$AE$7:$AJ$396,2) -> 2 | FL41: TRINX: | FM41: =IF(FM38>=20,FM38-20,20-FM38) -> 9
U42: The material below is used to create the profiles. | AE42: 36 | AF42: =IF(ISERROR(VALUE(MID($C$11,$AE42,1)))=TRUE,"TEXT",VALUE(MID($C$11,$AE42,1))) -> 1 | AG42: Y | AH42: =IF(AF42=9,0,(IF(AG42="Y",AF42-1,2-AF42))) -> 0 | AI42: =IF(AF42=1,1,0) -> 1 | AJ42: =IF(AF42=2,1,0) -> 0 | CV42: A3: | CW42: =IF(CX8+CV15+CV22+CV29>=3,1,0) -> 0 | FI42: 19 | FJ42: =VLOOKUP(FI42,$AE$7:$AJ$396,2) -> 2
AE43: 37 | AF43: =IF(ISERROR(VALUE(MID($C$11,$AE43,1)))=TRUE,"TEXT",VALUE(MID($C$11,$AE43,1))) -> 1 | AG43: Y | AH43: =IF(AF43=9,0,(IF(AG43="Y",AF43-1,2-AF43))) -> 0 | AI43: =IF(AF43=1,1,0) -> 1 | AJ43: =IF(AF43=2,1,0) -> 0 | CV43: A4: | CW43: =IF(CV11+CV16+CX12+CV24=4,1,0) -> 0 | DF43: C1: | DG43: =IF(SUM(DF12,DF29,DF33)=3,1,0) -> 0 | DK43: C1: | DL43: =IF(SUM(DM10,DK10,DM13,DK12)>=3,1,0) -> 0 | DP43: C1: | DQ43: =IF(SUM(DP26,DP27)=2,1,0) -> 0 | DU43: C1: | DV43: =IF(SUM(DU8,DU9,DW9:DW11)>=4,1,0) -> 0 | DZ43: C1: | EA43: =IF(DZ12+DZ17+DZ19=3,1,0) -> 0 | EE43: C1: | EF43: =IF(EE8+EE12+EE13>=2,1,0) -> 0 | EJ43: C1: | EK43: =IF(SUM(EL8,EL11,EJ19)=3,1,0) -> 1 | EO43: C1: | EP43: =IF(SUM(EQ10,EQ9,EO13,EO23)=4,1,0) -> 0 | ET43: C1: | EU43: =IF(SUM(EV8,ET9)=2,1,0) -> 0 | EY43: C1: | EZ43: =IF(SUM(EY28,EY9,EY15)=3,1,0) -> 0 | FI43: 217 | FJ43: =VLOOKUP(FI43,$AE$7:$AJ$396,2) -> 2
U44: Scale | W44: T score | AE44: 38 | AF44: =IF(ISERROR(VALUE(MID($C$11,$AE44,1)))=TRUE,"TEXT",VALUE(MID($C$11,$AE44,1))) -> 2 | AH44: =IF(AF44=9,0,(IF(AG44="Y",AF44-1,2-AF44))) -> 0 | AI44: =IF(AF44=1,1,0) -> 0 | AJ44: =IF(AF44=2,1,0) -> 1 | CV44: A5: | CW44: =IF(CV12+CV14=2,1,0) -> 0 | DF44: C2: | DG44: =IF(SUM(DF9,DF35,DF36)>=2,1,0) -> 0 | DK44: C2: | DL44: =IF(SUM(DM8,DK8,DM12)>=2,1,0) -> 0 | DP44: C2: | DQ44: =IF(SUM(DP8,DP10,DP12,DP13)>=3,1,0) -> 0 | DU44: C2: | DV44: =IF(SUM(DW8,DU12,DU14)>=2,1,0) -> 0 | DZ44: C2: | EA44: =IF(DZ21+DZ25+DZ26=3,1,0) -> 0 | EE44: C2: | EF44: =IF(EE10+EE11+EE23+EE24=4,1,0) -> 0 | EJ44: C2: | EK44: =IF(SUM(EJ20,EJ16,EL12)=3,1,0) -> 0 | EO44: C2: | EP44: =IF(SUM(EO8,EO11,EO12,EO14,EO20)=5,1,0) -> 0 | ET44: C2: | EU44: =IF(SUM(ET10,EV9:EV10)=3,1,0) -> 0 | EY44: C2: | EZ44: =IF(SUM(EY8,EY14,EY18)=3,1,0) -> 0 | FI44: 37 | FJ44: =VLOOKUP(FI44,$AE$7:$AJ$396,2) -> 1
U45: VRIN | V45: =W45 -> 67 | W45: =$W$10 -> 67 | AE45: 39 | AF45: =IF(ISERROR(VALUE(MID($C$11,$AE45,1)))=TRUE,"TEXT",VALUE(MID($C$11,$AE45,1))) -> 2 | AH45: =IF(AF45=9,0,(IF(AG45="Y",AF45-1,2-AF45))) -> 0 | AI45: =IF(AF45=1,1,0) -> 0 | AJ45: =IF(AF45=2,1,0) -> 1 | CV45: A6: | CW45: =IF(CX9+CV23+CV30>=2,1,0) -> 0 | DF45: C3: | DG45: =IF(SUM(DF17,DH11)=2,1,0) -> 0 | DK45: C3: | DL45: =IF(SUM(DK18,DK20)=2,1,0) -> 0 | DP45: C3: | DQ45: =IF(SUM(DR8,DP14,DP16,DP18)>=3,1,0) -> 0 | DU45: C3: | DV45: =IF(SUM(DU17,DU19,DU20,DU22)=4,1,0) -> 0 | DZ45: C3: | EA45: =IF(SUM(DZ8+DZ9+DZ13+DZ27)=4,1,0) -> 0 | EE45: C3: | EF45: =IF(EE9+EE16+EE17=3,1,0) -> 0 | EJ45: C3: | EK45: =IF(SUM(EJ8,EJ11,EJ17,EJ18)=4,1,0) -> 0 | EO45: C3: | EP45: =IF(SUM(EO9,EO18,EO19,EO21,EO22)=5,1,0) -> 0 | ET45: C3: | EU45: =IF(SUM(ET16,ET18)=2,1,0) -> 0 | EY45: C3: | EZ45: =IF(SUM(EY10,EY13,EY16,EY19,EY21,EY22)>=4,1,0) -> 0 | FI45: 41 | FJ45: =VLOOKUP(FI45,$AE$7:$AJ$396,2) -> 2
U46: TRIN | V46: =W46 -> 26 | W46: =$W$11 -> 26 | AE46: 40 | AF46: =IF(ISERROR(VALUE(MID($C$11,$AE46,1)))=TRUE,"TEXT",VALUE(MID($C$11,$AE46,1))) -> 2 | AH46: =IF(AF46=9,0,(IF(AG46="Y",AF46-1,2-AF46))) -> 0 | AI46: =IF(AF46=1,1,0) -> 0 | AJ46: =IF(AF46=2,1,0) -> 1 | CV46: A7: | CW46: =IF(CV19+CX14+CX15+CV33>=2,1,0) -> 0 | DF46: C4: | DG46: =IF(SUM(DH8,DF10,DH9,DF15,DH10,DF23,DF25,DF31,DF32)>=4,1,0) -> 0 | DK46: C4: | DL46: =IF(SUM(DM9,DM11,DK16,DK21)>=3,1,0) -> 0 | DP46: C4: | DQ46: =IF(SUM(DP17,DP22,DP23)=3,1,0) -> 0 | DU46: C4: | DV46: =IF(SUM(DU13,DU16)=2,1,0) -> 0 | DZ46: C4: | EA46: =IF(SUM(DZ11+EB9+EB11)=3,1,0) -> 0 | EE46: C4: | EF46: =IF(EE21=1,1,0) -> 0 | EJ46: C4: | EK46: =IF(SUM(EJ9,EJ12,EJ15)=3,1,0) -> 0 | EO46: C4: | EP46: =IF(SUM(EO10,EO16,EO25)=3,1,0) -> 0 | ET46: C4: | EU46: =IF(SUM(EV12,EV13,EV15,ET20)=4,1,0) -> 0 | EY46: C5: | EZ46: =IF(SUM(EY11,FA8,EY20,EY25)=4,1,0) -> 0 | FI46: 24 | FJ46: =VLOOKUP(FI46,$AE$7:$AJ$396,2) -> 2
U47: DRIN | V47: =W47 -> 40 | W47: =$W$12 -> 40 | AE47: 41 | AF47: =IF(ISERROR(VALUE(MID($C$11,$AE47,1)))=TRUE,"TEXT",VALUE(MID($C$11,$AE47,1))) -> 2 | AH47: =IF(AF47=9,0,(IF(AG47="Y",AF47-1,2-AF47))) -> 0 | AI47: =IF(AF47=1,1,0) -> 0 | AJ47: =IF(AF47=2,1,0) -> 1 | CV47: SUM: | CW47: =SUM(CW40:CW46) -> 0 | CX47: =IF(CW47>=3,"Y","N") -> N | DF47: C5: | DG47: =IF(SUM(DF16,DF20)=2,1,0) -> 0 | DK47: C5: | DL47: =IF(SUM(DK11,DK14)=2,1,0) -> 0 | DP47: C5: | DQ47: =IF(SUM(DP9,DP11,DP15,DP25)=4,1,0) -> 0 | DU47: C6: | DV47: =IF(SUM(DU21,DU23)=2,1,0) -> 0 | DZ47: C5: | EA47: =IF(SUM(DZ16+DZ18+DZ20)>2,1,0) -> 0 | EE47: C5: | EF47: =IF(EE18+EE22=2,1,0) -> 0 | EJ47: C5: | EK47: =IF(SUM(EJ24,EJ21)=2,1,0) -> 0 | EO47: C5: | EP47: =IF(SUM(EQ8,EQ11)=2,1,0) -> 0 | ET47: C5: | EU47: =IF(SUM(ET11,ET12,EV11)=3,1,0) -> 0 | EY47: C6: | EZ47: =IF(SUM(EY26,EY23)=2,1,0) -> 0 | FI47: 96 | FJ47: =VLOOKUP(FI47,$AE$7:$AJ$396,2) -> 1
U48: RV | V48: =W48 -> 50 | W48: =$W$13 -> 50 | AE48: 42 | AF48: =IF(ISERROR(VALUE(MID($C$11,$AE48,1)))=TRUE,"TEXT",VALUE(MID($C$11,$AE48,1))) -> 2 | AH48: =IF(AF48=9,0,(IF(AG48="Y",AF48-1,2-AF48))) -> 0 | AI48: =IF(AF48=1,1,0) -> 0 | AJ48: =IF(AF48=2,1,0) -> 1 | DF48: C6: | DG48: =IF(SUM(DF13,DF26,DF28)>=2,1,0) -> 0 | DK48: C6: | DL48: =IF(SUM(DK13,DK15)=2,1,0) -> 0 | DP48: C6: | DQ48: =IF(SUM(DR9,DR10,DP20,DP24)=4,1,0) -> 0 | DU48: C7: | DV48: =IF(SUM(DU10,DU11,DU24,DU25)=4,1,0) -> 0 | DZ48: C6: | EA48: =IF(EB8+DZ14=2,1,0) -> 0 | EE48: C6: | EF48: =IF(EG8+EE14+EE26+EE15=4,1,0) -> 0 | EJ48: C6: | EK48: =IF(SUM(EJ13,EJ10,EJ26)=3,1,0) -> 0 | EO48: C6: | EP48: =IF(SUM(EO15,EO17,EO27)=3,1,0) -> 0 | ET48: C6: | EU48: =IF(SUM(ET19,EV14,ET17)=3,1,0) -> 0 | EY48: C7: | EZ48: =IF(SUM(FA9,EY29)=2,1,0) -> 0
U49: DEV | V49: =W49 -> 71 | W49: =$W$14 -> 71 | AE49: 43 | AF49: =IF(ISERROR(VALUE(MID($C$11,$AE49,1)))=TRUE,"TEXT",VALUE(MID($C$11,$AE49,1))) -> 2 | AH49: =IF(AF49=9,0,(IF(AG49="Y",AF49-1,2-AF49))) -> 0 | AI49: =IF(AF49=1,1,0) -> 0 | AJ49: =IF(AF49=2,1,0) -> 1 | CV49: C2: | CW49: =CV21 -> 1 | DF49: C7: | DG49: =IF(SUM(DF34,DF8)=2,1,0) -> 0 | DK49: C7: | DL49: =IF(SUM(DK19)=1,1,0) -> 0 | DP49: C7: | DQ49: =IF(SUM(DP19,DP21)=2,1,0) -> 0 | DU49: C8: | DV49: =IF(SUM(DW12,DU15,DU18)=3,1,0) -> 0 | DZ49: C7: | EA49: =IF(DZ22+EB10=2,1,0) -> 0 | EE49: C7: | EF49: =IF(EE19+EE20+EE25=3,1,0) -> 0 | EJ49: C7: | EK49: =IF(SUM(EJ14,EL9,EL10)=3,1,0) -> 0 | EO49: C7: | EP49: =IF(SUM(EO24,EO26)=2,1,0) -> 0 | ET49: C7: | EU49: =IF(SUM(ET8,ET13,ET14,ET15)>=3,1,0) -> 0 | EY49: C8: | EZ49: =IF(SUM(EY12,EY17,FA10)=3,1,0) -> 0
U50: BDEV | V50: =W50 -> 48 | W50: =$W$15 -> 48 | AE50: 44 | AF50: =IF(ISERROR(VALUE(MID($C$11,$AE50,1)))=TRUE,"TEXT",VALUE(MID($C$11,$AE50,1))) -> 2 | AH50: =IF(AF50=9,0,(IF(AG50="Y",AF50-1,2-AF50))) -> 0 | AI50: =IF(AF50=1,1,0) -> 0 | AJ50: =IF(AF50=2,1,0) -> 1 | CV50: C3: | CW50: =CV18 -> 0 | DF50: C8: | DG50: =IF(SUM(DF19,DF22,DF27,DF30)>=3,1,0) -> 0 | DK50: C8: | DL50: =IF(SUM(DK9,DK17)=2,1,0) -> 0 | DZ50: C8: | EA50: =IF(DZ24+DZ28=2,1,0) -> 0 | EJ50: C8: | EK50: =IF(SUM(EJ25,EJ23,EJ22,EJ27)>=3,1,0) -> 0 | EY50: C9: | EZ50: =IF(SUM(EY24,EY27)=2,1,0) -> 0
U51: II | V51: =W51 -> 74 | W51: =$W$16 -> 74 | AE51: 45 | AF51: =IF(ISERROR(VALUE(MID($C$11,$AE51,1)))=TRUE,"TEXT",VALUE(MID($C$11,$AE51,1))) -> 2 | AG51: Y | AH51: =IF(AF51=9,0,(IF(AG51="Y",AF51-1,2-AF51))) -> 1 | AI51: =IF(AF51=1,1,0) -> 0 | AJ51: =IF(AF51=2,1,0) -> 1 | CV51: C4: | CW51: =CV28 -> 0 | DF51: C9: | DG51: =IF(SUM(DF11,DF14,DF18,DF21,DF24)>=4,1,0) -> 0 | DZ51: C9: | EA51: =IF(DZ10+DZ15+DZ23=3,1,0) -> 0
AE52: 46 | AF52: =IF(ISERROR(VALUE(MID($C$11,$AE52,1)))=TRUE,"TEXT",VALUE(MID($C$11,$AE52,1))) -> 2 | AH52: =IF(AF52=9,0,(IF(AG52="Y",AF52-1,2-AF52))) -> 0 | AI52: =IF(AF52=1,1,0) -> 0 | AJ52: =IF(AF52=2,1,0) -> 1 | CV52: C5: | CW52: =CV27 -> 0
U53: NT | V53: =W53 -> 40 | W53: =$W$19 -> 40 | AE53: 47 | AF53: =IF(ISERROR(VALUE(MID($C$11,$AE53,1)))=TRUE,"TEXT",VALUE(MID($C$11,$AE53,1))) -> 2 | AH53: =IF(AF53=9,0,(IF(AG53="Y",AF53-1,2-AF53))) -> 0 | AI53: =IF(AF53=1,1,0) -> 0 | AJ53: =IF(AF53=2,1,0) -> 1 | CV53: C7: | CW53: =CV13 -> 0
U54: MIS | V54: =W54 -> 49 | W54: =$W$20 -> 49 | AE54: 48 | AF54: =IF(ISERROR(VALUE(MID($C$11,$AE54,1)))=TRUE,"TEXT",VALUE(MID($C$11,$AE54,1))) -> 2 | AH54: =IF(AF54=9,0,(IF(AG54="Y",AF54-1,2-AF54))) -> 0 | AI54: =IF(AF54=1,1,0) -> 0 | AJ54: =IF(AF54=2,1,0) -> 1 | CV54: C8: | CW54: =CV31 -> 0
U55: MAN | V55: =W55 -> 47 | W55: =$W$21 -> 47 | AE55: 49 | AF55: =IF(ISERROR(VALUE(MID($C$11,$AE55,1)))=TRUE,"TEXT",VALUE(MID($C$11,$AE55,1))) -> 2 | AH55: =IF(AF55=9,0,(IF(AG55="Y",AF55-1,2-AF55))) -> 0 | AI55: =IF(AF55=1,1,0) -> 0 | AJ55: =IF(AF55=2,1,0) -> 1 | CV55: C9: | CW55: =CV8 -> 0
U56: AGG | V56: =W56 -> 58 | W56: =$W$22 -> 58 | AE56: 50 | AF56: =IF(ISERROR(VALUE(MID($C$11,$AE56,1)))=TRUE,"TEXT",VALUE(MID($C$11,$AE56,1))) -> 2 | AH56: =IF(AF56=9,0,(IF(AG56="Y",AF56-1,2-AF56))) -> 0 | AI56: =IF(AF56=1,1,0) -> 0 | AJ56: =IF(AF56=2,1,0) -> 1 | CV56: C11: | CW56: =CV32 -> 0
U57: SH | V57: =W57 -> 66 | W57: =$W$23 -> 66 | AE57: 51 | AF57: =IF(ISERROR(VALUE(MID($C$11,$AE57,1)))=TRUE,"TEXT",VALUE(MID($C$11,$AE57,1))) -> 2 | AH57: =IF(AF57=9,0,(IF(AG57="Y",AF57-1,2-AF57))) -> 0 | AI57: =IF(AF57=1,1,0) -> 0 | AJ57: =IF(AF57=2,1,0) -> 1 | CV57: C12: | CW57: =CV9 -> 0
U58: EP | V58: =W58 -> 44 | W58: =$W$26 -> 44 | AE58: 52 | AF58: =IF(ISERROR(VALUE(MID($C$11,$AE58,1)))=TRUE,"TEXT",VALUE(MID($C$11,$AE58,1))) -> 2 | AG58: Y | AH58: =IF(AF58=9,0,(IF(AG58="Y",AF58-1,2-AF58))) -> 1 | AI58: =IF(AF58=1,1,0) -> 0 | AJ58: =IF(AF58=2,1,0) -> 1 | CV58: C13: | CW58: =CV25 -> 0
U59: DEP | V59: =W59 -> 53 | W59: =$W$27 -> 53 | AE59: 53 | AF59: =IF(ISERROR(VALUE(MID($C$11,$AE59,1)))=TRUE,"TEXT",VALUE(MID($C$11,$AE59,1))) -> 1 | AH59: =IF(AF59=9,0,(IF(AG59="Y",AF59-1,2-AF59))) -> 1 | AI59: =IF(AF59=1,1,0) -> 1 | AJ59: =IF(AF59=2,1,0) -> 0 | CV59: C14: | CW59: =CV20 -> 1
AE60: 54 | AF60: =IF(ISERROR(VALUE(MID($C$11,$AE60,1)))=TRUE,"TEXT",VALUE(MID($C$11,$AE60,1))) -> 2 | AH60: =IF(AF60=9,0,(IF(AG60="Y",AF60-1,2-AF60))) -> 0 | AI60: =IF(AF60=1,1,0) -> 0 | AJ60: =IF(AF60=2,1,0) -> 1 | CV60: SUM: | CW60: =SUM(CW49:CW59) -> 2 | CX60: =IF(CW60>=3,"Y","N") -> N
U61: PT | V61: =W61 -> 40 | W61: =$W$29 -> 40 | AE61: 55 | AF61: =IF(ISERROR(VALUE(MID($C$11,$AE61,1)))=TRUE,"TEXT",VALUE(MID($C$11,$AE61,1))) -> 1 | AH61: =IF(AF61=9,0,(IF(AG61="Y",AF61-1,2-AF61))) -> 1 | AI61: =IF(AF61=1,1,0) -> 1 | AJ61: =IF(AF61=2,1,0) -> 0
U62: EXH | V62: =W62 -> 48 | W62: =$W$30 -> 48 | AE62: 56 | AF62: =IF(ISERROR(VALUE(MID($C$11,$AE62,1)))=TRUE,"TEXT",VALUE(MID($C$11,$AE62,1))) -> 2 | AH62: =IF(AF62=9,0,(IF(AG62="Y",AF62-1,2-AF62))) -> 0 | AI62: =IF(AF62=1,1,0) -> 0 | AJ62: =IF(AF62=2,1,0) -> 1
U63: ENT | V63: =W63 -> 41 | W63: =$W$31 -> 41 | AE63: 57 | AF63: =IF(ISERROR(VALUE(MID($C$11,$AE63,1)))=TRUE,"TEXT",VALUE(MID($C$11,$AE63,1))) -> 2 | AH63: =IF(AF63=9,0,(IF(AG63="Y",AF63-1,2-AF63))) -> 0 | AI63: =IF(AF63=1,1,0) -> 0 | AJ63: =IF(AF63=2,1,0) -> 1
U64: DET | V64: =W64 -> 49 | W64: =$W$32 -> 49 | AE64: 58 | AF64: =IF(ISERROR(VALUE(MID($C$11,$AE64,1)))=TRUE,"TEXT",VALUE(MID($C$11,$AE64,1))) -> 2 | AG64: Y | AH64: =IF(AF64=9,0,(IF(AG64="Y",AF64-1,2-AF64))) -> 1 | AI64: =IF(AF64=1,1,0) -> 0 | AJ64: =IF(AF64=2,1,0) -> 1
AE65: 59 | AF65: =IF(ISERROR(VALUE(MID($C$11,$AE65,1)))=TRUE,"TEXT",VALUE(MID($C$11,$AE65,1))) -> 1 | AH65: =IF(AF65=9,0,(IF(AG65="Y",AF65-1,2-AF65))) -> 1 | AI65: =IF(AF65=1,1,0) -> 1 | AJ65: =IF(AF65=2,1,0) -> 0
U66: DIS | V66: =W66 -> 52 | W66: =$W$34 -> 52 | AE66: 60 | AF66: =IF(ISERROR(VALUE(MID($C$11,$AE66,1)))=TRUE,"TEXT",VALUE(MID($C$11,$AE66,1))) -> 2 | AH66: =IF(AF66=9,0,(IF(AG66="Y",AF66-1,2-AF66))) -> 0 | AI66: =IF(AF66=1,1,0) -> 0 | AJ66: =IF(AF66=2,1,0) -> 1
U67: IMP | V67: =W67 -> 59 | W67: =$W$35 -> 59 | AE67: 61 | AF67: =IF(ISERROR(VALUE(MID($C$12,$AE67-60,1)))=TRUE,"TEXT",VALUE(MID($C$12,$AE67-60,1))) -> 1 | AG67: Y | AH67: =IF(AF67=9,0,(IF(AG67="Y",AF67-1,2-AF67))) -> 0 | AI67: =IF(AF67=1,1,0) -> 1 | AJ67: =IF(AF67=2,1,0) -> 0
U68: PRP | V68: =W68 -> 42 | W68: =$W$36 -> 42 | AE68: 62 | AF68: =IF(ISERROR(VALUE(MID($C$12,$AE68-60,1)))=TRUE,"TEXT",VALUE(MID($C$12,$AE68-60,1))) -> 1 | AG68: Y | AH68: =IF(AF68=9,0,(IF(AG68="Y",AF68-1,2-AF68))) -> 0 | AI68: =IF(AF68=1,1,0) -> 1 | AJ68: =IF(AF68=2,1,0) -> 0
U69: WRK | V69: =W69 -> 46 | W69: =$W$37 -> 46 | AE69: 63 | AF69: =IF(ISERROR(VALUE(MID($C$12,$AE69-60,1)))=TRUE,"TEXT",VALUE(MID($C$12,$AE69-60,1))) -> 2 | AG69: Y | AH69: =IF(AF69=9,0,(IF(AG69="Y",AF69-1,2-AF69))) -> 1 | AI69: =IF(AF69=1,1,0) -> 0 | AJ69: =IF(AF69=2,1,0) -> 1
AE70: 64 | AF70: =IF(ISERROR(VALUE(MID($C$12,$AE70-60,1)))=TRUE,"TEXT",VALUE(MID($C$12,$AE70-60,1))) -> 1 | AH70: =IF(AF70=9,0,(IF(AG70="Y",AF70-1,2-AF70))) -> 1 | AI70: =IF(AF70=1,1,0) -> 1 | AJ70: =IF(AF70=2,1,0) -> 0
AE71: 65 | AF71: =IF(ISERROR(VALUE(MID($C$12,$AE71-60,1)))=TRUE,"TEXT",VALUE(MID($C$12,$AE71-60,1))) -> 2 | AH71: =IF(AF71=9,0,(IF(AG71="Y",AF71-1,2-AF71))) -> 0 | AI71: =IF(AF71=1,1,0) -> 0 | AJ71: =IF(AF71=2,1,0) -> 1
AE72: 66 | AF72: =IF(ISERROR(VALUE(MID($C$12,$AE72-60,1)))=TRUE,"TEXT",VALUE(MID($C$12,$AE72-60,1))) -> 2 | AH72: =IF(AF72=9,0,(IF(AG72="Y",AF72-1,2-AF72))) -> 0 | AI72: =IF(AF72=1,1,0) -> 0 | AJ72: =IF(AF72=2,1,0) -> 1
AE73: 67 | AF73: =IF(ISERROR(VALUE(MID($C$12,$AE73-60,1)))=TRUE,"TEXT",VALUE(MID($C$12,$AE73-60,1))) -> 2 | AH73: =IF(AF73=9,0,(IF(AG73="Y",AF73-1,2-AF73))) -> 0 | AI73: =IF(AF73=1,1,0) -> 0 | AJ73: =IF(AF73=2,1,0) -> 1
AE74: 68 | AF74: =IF(ISERROR(VALUE(MID($C$12,$AE74-60,1)))=TRUE,"TEXT",VALUE(MID($C$12,$AE74-60,1))) -> 2 | AH74: =IF(AF74=9,0,(IF(AG74="Y",AF74-1,2-AF74))) -> 0 | AI74: =IF(AF74=1,1,0) -> 0 | AJ74: =IF(AF74=2,1,0) -> 1
U75: PAR | V75: =W75 -> 46 | W75: =AA23 -> 46 | AE75: 69 | AF75: =IF(ISERROR(VALUE(MID($C$12,$AE75-60,1)))=TRUE,"TEXT",VALUE(MID($C$12,$AE75-60,1))) -> 2 | AH75: =IF(AF75=9,0,(IF(AG75="Y",AF75-1,2-AF75))) -> 0 | AI75: =IF(AF75=1,1,0) -> 0 | AJ75: =IF(AF75=2,1,0) -> 1
U76: SZD | V76: =W76 -> 55 | W76: =AA24 -> 55 | AE76: 70 | AF76: =IF(ISERROR(VALUE(MID($C$12,$AE76-60,1)))=TRUE,"TEXT",VALUE(MID($C$12,$AE76-60,1))) -> 2 | AH76: =IF(AF76=9,0,(IF(AG76="Y",AF76-1,2-AF76))) -> 0 | AI76: =IF(AF76=1,1,0) -> 0 | AJ76: =IF(AF76=2,1,0) -> 1
U77: STP | V77: =W77 -> 46 | W77: =AA25 -> 46 | AE77: 71 | AF77: =IF(ISERROR(VALUE(MID($C$12,$AE77-60,1)))=TRUE,"TEXT",VALUE(MID($C$12,$AE77-60,1))) -> 2 | AH77: =IF(AF77=9,0,(IF(AG77="Y",AF77-1,2-AF77))) -> 0 | AI77: =IF(AF77=1,1,0) -> 0 | AJ77: =IF(AF77=2,1,0) -> 1
AE78: 72 | AF78: =IF(ISERROR(VALUE(MID($C$12,$AE78-60,1)))=TRUE,"TEXT",VALUE(MID($C$12,$AE78-60,1))) -> 2 | AH78: =IF(AF78=9,0,(IF(AG78="Y",AF78-1,2-AF78))) -> 0 | AI78: =IF(AF78=1,1,0) -> 0 | AJ78: =IF(AF78=2,1,0) -> 1
U79: AS | V79: =W79 -> 48 | W79: =AA27 -> 48 | AE79: 73 | AF79: =IF(ISERROR(VALUE(MID($C$12,$AE79-60,1)))=TRUE,"TEXT",VALUE(MID($C$12,$AE79-60,1))) -> 2 | AG79: Y | AH79: =IF(AF79=9,0,(IF(AG79="Y",AF79-1,2-AF79))) -> 1 | AI79: =IF(AF79=1,1,0) -> 0 | AJ79: =IF(AF79=2,1,0) -> 1
U80: BDL | V80: =W80 -> 53 | W80: =AA28 -> 53 | AE80: 74 | AF80: =IF(ISERROR(VALUE(MID($C$12,$AE80-60,1)))=TRUE,"TEXT",VALUE(MID($C$12,$AE80-60,1))) -> 1 | AG80: Y | AH80: =IF(AF80=9,0,(IF(AG80="Y",AF80-1,2-AF80))) -> 0 | AI80: =IF(AF80=1,1,0) -> 1 | AJ80: =IF(AF80=2,1,0) -> 0
U81: HIS | V81: =W81 -> 41 | W81: =AA29 -> 41 | AE81: 75 | AF81: =IF(ISERROR(VALUE(MID($C$12,$AE81-60,1)))=TRUE,"TEXT",VALUE(MID($C$12,$AE81-60,1))) -> 1 | AH81: =IF(AF81=9,0,(IF(AG81="Y",AF81-1,2-AF81))) -> 1 | AI81: =IF(AF81=1,1,0) -> 1 | AJ81: =IF(AF81=2,1,0) -> 0
U82: NAR | V82: =W82 -> 41 | W82: =AA30 -> 41 | AE82: 76 | AF82: =IF(ISERROR(VALUE(MID($C$12,$AE82-60,1)))=TRUE,"TEXT",VALUE(MID($C$12,$AE82-60,1))) -> 2 | AH82: =IF(AF82=9,0,(IF(AG82="Y",AF82-1,2-AF82))) -> 0 | AI82: =IF(AF82=1,1,0) -> 0 | AJ82: =IF(AF82=2,1,0) -> 1
AE83: 77 | AF83: =IF(ISERROR(VALUE(MID($C$12,$AE83-60,1)))=TRUE,"TEXT",VALUE(MID($C$12,$AE83-60,1))) -> 1 | AG83: Y | AH83: =IF(AF83=9,0,(IF(AG83="Y",AF83-1,2-AF83))) -> 0 | AI83: =IF(AF83=1,1,0) -> 1 | AJ83: =IF(AF83=2,1,0) -> 0
U84: AVD | V84: =W84 -> 44 | W84: =AA32 -> 44 | AE84: 78 | AF84: =IF(ISERROR(VALUE(MID($C$12,$AE84-60,1)))=TRUE,"TEXT",VALUE(MID($C$12,$AE84-60,1))) -> 1 | AH84: =IF(AF84=9,0,(IF(AG84="Y",AF84-1,2-AF84))) -> 1 | AI84: =IF(AF84=1,1,0) -> 1 | AJ84: =IF(AF84=2,1,0) -> 0
U85: DPN | V85: =W85 -> 47 | W85: =AA33 -> 47 | AE85: 79 | AF85: =IF(ISERROR(VALUE(MID($C$12,$AE85-60,1)))=TRUE,"TEXT",VALUE(MID($C$12,$AE85-60,1))) -> 2 | AH85: =IF(AF85=9,0,(IF(AG85="Y",AF85-1,2-AF85))) -> 0 | AI85: =IF(AF85=1,1,0) -> 0 | AJ85: =IF(AF85=2,1,0) -> 1
U86: OC | V86: =W86 -> 41 | W86: =AA34 -> 41 | AE86: 80 | AF86: =IF(ISERROR(VALUE(MID($C$12,$AE86-60,1)))=TRUE,"TEXT",VALUE(MID($C$12,$AE86-60,1))) -> 1 | AG86: Y | AH86: =IF(AF86=9,0,(IF(AG86="Y",AF86-1,2-AF86))) -> 0 | AI86: =IF(AF86=1,1,0) -> 1 | AJ86: =IF(AF86=2,1,0) -> 0
AE87: 81 | AF87: =IF(ISERROR(VALUE(MID($C$12,$AE87-60,1)))=TRUE,"TEXT",VALUE(MID($C$12,$AE87-60,1))) -> 2 | AH87: =IF(AF87=9,0,(IF(AG87="Y",AF87-1,2-AF87))) -> 0 | AI87: =IF(AF87=1,1,0) -> 0 | AJ87: =IF(AF87=2,1,0) -> 1
U88: DPR | V88: =W88 -> 42 | W88: =AA36 -> 42 | AE88: 82 | AF88: =IF(ISERROR(VALUE(MID($C$12,$AE88-60,1)))=TRUE,"TEXT",VALUE(MID($C$12,$AE88-60,1))) -> 2 | AG88: Y | AH88: =IF(AF88=9,0,(IF(AG88="Y",AF88-1,2-AF88))) -> 1 | AI88: =IF(AF88=1,1,0) -> 0 | AJ88: =IF(AF88=2,1,0) -> 1
U89: PA | V89: =W89 -> 46 | W89: =AA37 -> 46 | AE89: 83 | AF89: =IF(ISERROR(VALUE(MID($C$12,$AE89-60,1)))=TRUE,"TEXT",VALUE(MID($C$12,$AE89-60,1))) -> 1 | AG89: Y | AH89: =IF(AF89=9,0,(IF(AG89="Y",AF89-1,2-AF89))) -> 0 | AI89: =IF(AF89=1,1,0) -> 1 | AJ89: =IF(AF89=2,1,0) -> 0
AE90: 84 | AF90: =IF(ISERROR(VALUE(MID($C$12,$AE90-60,1)))=TRUE,"TEXT",VALUE(MID($C$12,$AE90-60,1))) -> 1 | AG90: Y | AH90: =IF(AF90=9,0,(IF(AG90="Y",AF90-1,2-AF90))) -> 0 | AI90: =IF(AF90=1,1,0) -> 1 | AJ90: =IF(AF90=2,1,0) -> 0
AE91: 85 | AF91: =IF(ISERROR(VALUE(MID($C$12,$AE91-60,1)))=TRUE,"TEXT",VALUE(MID($C$12,$AE91-60,1))) -> 2 | AH91: =IF(AF91=9,0,(IF(AG91="Y",AF91-1,2-AF91))) -> 0 | AI91: =IF(AF91=1,1,0) -> 0 | AJ91: =IF(AF91=2,1,0) -> 1
AE92: 86 | AF92: =IF(ISERROR(VALUE(MID($C$12,$AE92-60,1)))=TRUE,"TEXT",VALUE(MID($C$12,$AE92-60,1))) -> 2 | AH92: =IF(AF92=9,0,(IF(AG92="Y",AF92-1,2-AF92))) -> 0 | AI92: =IF(AF92=1,1,0) -> 0 | AJ92: =IF(AF92=2,1,0) -> 1
AE93: 87 | AF93: =IF(ISERROR(VALUE(MID($C$12,$AE93-60,1)))=TRUE,"TEXT",VALUE(MID($C$12,$AE93-60,1))) -> 2 | AH93: =IF(AF93=9,0,(IF(AG93="Y",AF93-1,2-AF93))) -> 0 | AI93: =IF(AF93=1,1,0) -> 0 | AJ93: =IF(AF93=2,1,0) -> 1
AE94: 88 | AF94: =IF(ISERROR(VALUE(MID($C$12,$AE94-60,1)))=TRUE,"TEXT",VALUE(MID($C$12,$AE94-60,1))) -> 2 | AH94: =IF(AF94=9,0,(IF(AG94="Y",AF94-1,2-AF94))) -> 0 | AI94: =IF(AF94=1,1,0) -> 0 | AJ94: =IF(AF94=2,1,0) -> 1
AE95: 89 | AF95: =IF(ISERROR(VALUE(MID($C$12,$AE95-60,1)))=TRUE,"TEXT",VALUE(MID($C$12,$AE95-60,1))) -> 1 | AG95: Y | AH95: =IF(AF95=9,0,(IF(AG95="Y",AF95-1,2-AF95))) -> 0 | AI95: =IF(AF95=1,1,0) -> 1 | AJ95: =IF(AF95=2,1,0) -> 0
AE96: 90 | AF96: =IF(ISERROR(VALUE(MID($C$12,$AE96-60,1)))=TRUE,"TEXT",VALUE(MID($C$12,$AE96-60,1))) -> 2 | AH96: =IF(AF96=9,0,(IF(AG96="Y",AF96-1,2-AF96))) -> 0 | AI96: =IF(AF96=1,1,0) -> 0 | AJ96: =IF(AF96=2,1,0) -> 1
AE97: 91 | AF97: =IF(ISERROR(VALUE(MID($C$12,$AE97-60,1)))=TRUE,"TEXT",VALUE(MID($C$12,$AE97-60,1))) -> 2 | AH97: =IF(AF97=9,0,(IF(AG97="Y",AF97-1,2-AF97))) -> 0 | AI97: =IF(AF97=1,1,0) -> 0 | AJ97: =IF(AF97=2,1,0) -> 1
AE98: 92 | AF98: =IF(ISERROR(VALUE(MID($C$12,$AE98-60,1)))=TRUE,"TEXT",VALUE(MID($C$12,$AE98-60,1))) -> 2 | AH98: =IF(AF98=9,0,(IF(AG98="Y",AF98-1,2-AF98))) -> 0 | AI98: =IF(AF98=1,1,0) -> 0 | AJ98: =IF(AF98=2,1,0) -> 1
AE99: 93 | AF99: =IF(ISERROR(VALUE(MID($C$12,$AE99-60,1)))=TRUE,"TEXT",VALUE(MID($C$12,$AE99-60,1))) -> 1 | AH99: =IF(AF99=9,0,(IF(AG99="Y",AF99-1,2-AF99))) -> 1 | AI99: =IF(AF99=1,1,0) -> 1 | AJ99: =IF(AF99=2,1,0) -> 0
AE100: 94 | AF100: =IF(ISERROR(VALUE(MID($C$12,$AE100-60,1)))=TRUE,"TEXT",VALUE(MID($C$12,$AE100-60,1))) -> 1 | AG100: Y | AH100: =IF(AF100=9,0,(IF(AG100="Y",AF100-1,2-AF100))) -> 0 | AI100: =IF(AF100=1,1,0) -> 1 | AJ100: =IF(AF100=2,1,0) -> 0
AE101: 95 | AF101: =IF(ISERROR(VALUE(MID($C$12,$AE101-60,1)))=TRUE,"TEXT",VALUE(MID($C$12,$AE101-60,1))) -> 2 | AH101: =IF(AF101=9,0,(IF(AG101="Y",AF101-1,2-AF101))) -> 0 | AI101: =IF(AF101=1,1,0) -> 0 | AJ101: =IF(AF101=2,1,0) -> 1
...

Sheet Scores
AD1: VRIN | AF1: TRIN | AH1: DRIN | AJ1: RV | AL1: DEV | AN1: II | AP1: NT | AR1: MIS | AT1: MAN | AV1: AGG | AX1: SH | AZ1: LOSE | BB1: SUPR | BD1: EP | BF1: DEP | BH1: PT | BJ1: EXH | BL1: ENT | BN1: DET | BP1: DIS | BR1: IMP | BT1: PRP | BV1: WRK | BX1: ParPD | CB1: SzdPR | CF1: StpPD | CJ1: ASPD | CN1: BPD | CR1: HPD | CV1: NPD | CZ1: AvPD | DD1: DpnPD | DH1: OCPD | DL1: DprPD | DP1: PAPD
B2: SNAP-390 Scoring Program (© 2014 Lee Anna Clark & Leonard J. Simms) | P2: Name | Q2: Number | R2: Date | S2: Clinician | T2: items 1-60 | U2: items 61-120 | V2: items 121-180 | W2: items 181-240 | X2: items 241-300 | Y2: items 301-360 | Z2: items 361-390 | AA2: Char err | AB2: Length err | AC2: Omits | AD2: Raw | AE2: T | AF2: Raw | AG2: T | AH2: Raw | AI2: T | AJ2: Raw | AK2: T | AL2: Raw | AM2: T | AN2: Raw | AO2: T | AP2: Raw | AQ2: T | AR2: Raw | AS2: T | AT2: Raw | AU2: T | AV2: Raw | AW2: T | AX2: Raw | AY2: T | AZ2: Raw | BA2: T | BB2: Raw | BC2: T | BD2: Raw | BE2: T | BF2: Raw | BG2: T | BH2: Raw | BI2: T | BJ2: Raw | BK2: T | BL2: Raw | BM2: T | BN2: Raw | BO2: T | BP2: Raw | BQ2: T | BR2: Raw | BS2: T | BT2: Raw | BU2: T | BV2: Raw | BW2: T | BX2: Raw | BY2: T | BZ2: Crit# | CA2: Dx? | CB2: Raw | CC2: T | CD2: Crit# | CE2: Dx? | CF2: Raw | CG2: T | CH2: Crit# | CI2: Dx? | CJ2: Raw | CK2: T | CL2: Crit# | CM2: Dx? | CN2: Raw | CO2: T | CP2: Crit# | CQ2: Dx? | CR2: Raw | CS2: T | CT2: Crit# | CU2: Dx? | CV2: Raw | CW2: T | CX2: Crit# | CY2: Dx? | CZ2: Raw | DA2: T | DB2: Crit# | DC2: Dx? | DD2: Raw | DE2: T | DF2: Crit# | DG2: Dx? | DH2: Raw | DI2: T | DJ2: Crit# | DK2: Dx? | DL2: Raw | DM2: T | DN2: Crit# | DO2: Dx? | DP2: Raw | DQ2: T | DR2: Crit# | DS2: Dx?
B3: v1.1 (July 2003): Scores the 390-item version of SNAP | P3: =C5 -> Alex Carter | Q3: =C6 | R3: =C7 | S3: =C8 | T3: =C11 -> 222121222122222221222222111211222221122222222222222212122212 | U3: =C12 -> 112122222222211211212211222212221121222222222222222222222222 | V3: =C13 -> 222122222212121222122222212111211211222222211211222221121111 | W3: =C14 -> 112121222212222221111122212222222222222222222222222222222221 | X3: =C15 -> 212222221212112112222211222222222222222222212222222222122221 | Y3: =C16 -> 222221212221212212122211212121122222211221212222222222222222 | Z3: =C17 -> 221222222222222222222222222222 | AA3: =C20 -> 0 | AB3: =C21 -> 0 | AC3: =C22 -> 0 | AD3: =G10 -> 9 | AE3: =H10 -> 67 | AF3: =G11 -> 11 | AG3: =H11 -> 26 | AH3: =G12 -> 17 | AI3: =H12 -> 40 | AJ3: =G13 -> 3 | AK3: =H13 -> 50 | AL3: =G14 -> 7 | AM3: =H14 -> 71 | AN3: =G16 -> 28 | AO3: =H16 -> 74 | AP3: =G19 -> 3 | AQ3: =H19 -> 40 | AR3: =G20 -> 4 | AS3: =H20 -> 49 | AT3: =G21 -> 3 | AU3: =H21 -> 47 | AV3: =G22 -> 6 | AW3: =H22 -> 58 | AX3: =G23 -> 6 | AY3: =H23 -> 66 | AZ3: =G24 -> 3 | BA3: =H24 -> 65 | BB3: =G25 -> 3 | BC3: =H25 -> 63 | BD3: =G26 -> 2 | BE3: =H26 -> 44 | BF3: =G27 -> 5 | BG3: =H27 -> 53 | BH3: =G29 -> 13 | BI3: =H29 -> 40 | BJ3: =G30 -> 6 | BK3: =H30 -> 48 | BL3: =G31 -> 5 | BM3: =H31 -> 41 | BN3: =G32 -> 5 | BO3: =H32 -> 49 | BP3: =G34 -> 10 | BQ3: =H34 -> 52 | BR3: =G35 -> 9 | BS3: =H35 -> 59 | BT3: =G36 -> 8 | BU3: =H36 -> 42 | BV3: =G37 -> 6 | BW3: =H37 -> 46 | BX3: =K23 -> 4 | BY3: =L23 -> 46 | BZ3: =M23 -> 0 | CA3: =N23 -> N | CB3: =K24 -> 7 | CC3: =L24 -> 55 | CD3: =M24 -> 0 | CE3: =N24 -> N | CF3: =K25 -> 5 | CG3: =L25 -> 46 | CH3: =M25 -> 0 | CI3: =N25 -> N | CJ3: =K27 -> 6 | CK3: =L27 -> 48 | CL3: =M27 -> 0/2 | CM3: =N27 -> N | CN3: =K28 -> 8 | CO3: =L28 -> 53 | CP3: =M28 -> 0 | CQ3: =N28 -> N | CR3: =K29 -> 5 | CS3: =L29 -> 41 | CT3: =M29 -> 0 | CU3: =N29 -> N | CV3: =K30 -> 6 | CW3: =L30 -> 41 | CX3: =M30 -> 0 | CY3: =N30 -> N | CZ3: =K32 -> 3 | DA3: =L32 -> 44 | DB3: =M32 -> 0 | DC3: =N32 -> N | DD3: =K33 -> 2 | DE3: =L33 -> 47 | DF3: =M33 -> 0 | DG3: =N33 -> N | DH3: =K34 -> 8 | DI3: =L34 -> 41 | DJ3: =M34 -> 1 | DK3: =N34 -> N | DL3: =K36 -> 3 | DM3: =L36 -> 42 | DN3: =M36 -> 0 | DO3: =N36 -> N | DP3: =K37 -> 3 | DQ3: =L37 -> 46 | DR3: =M37 -> 0 | DS3: =N37 -> N
B5: Client name: | C5: ='Data Entry Sheet'!C5 -> Alex Carter | F5: SNAP Scoring Summary (v1.1) | T5: Dx Scales
B6: Clinic munber: | C6: ='Data Entry Sheet'!C6 | G6: Scores | P6: Item | Q6: Resp | R6: FK? | S6: Keyed | T6: TK | U6: FK | W6: NT | Z6: MIS | AC6: MAN | AF6: AGG | AI6: SH | AL6: LOW SE | AO6: SUI PR | AR6: ECC PERC | AU6: DEPEN | AX6: PT | BA6: EXHIB | BD6: ENTITL | BG6: DETACH | BJ6: IMPUL | BM6: PROP | BP6: WORK | BS6: RV | BV6: DEV | CA6: DIS | CF6: ANTISOCIAL | CK6: AVOIDANT | CP6: BORDERLINE | CU6: DEPENDENT | CZ6: DEPRESSIVE | DE6: HISTRIONIC | DJ6: NARCISSISTIC | DO6: PAG/NEG | DT6: OCPD | DY6: PARANOID | ED6: SCHIZOID | EI6: SCHIZOTYPAL | EN6: VRIN | ET6: TRIN | EZ6: DRIN | FI6: BDEV
B7: Date of testing: | C7: ='Data Entry Sheet'!C7 | G7: Raw | H7: T | P7: 1 | Q7: =IF(ISERROR(VALUE(MID($C$11,$P7,1)))=TRUE,"TEXT",VALUE(MID($C$11,$P7,1))) -> 2 | S7: =IF(Q7=9,0,(IF(R7="Y",Q7-1,2-Q7))) -> 0 | T7: =IF(Q7=1,1,0) -> 0 | U7: =IF(Q7=2,1,0) -> 1 | W7: item | X7: response | Z7: item | AA7: response | AC7: item | AD7: response | AF7: item | AG7: response | AI7: item | AJ7: response | AL7: item | AM7: response | AO7: item | AP7: response | AR7: item | AS7: response | AU7: item | AV7: response | AX7: item | AY7: response | BA7: item | BB7: response | BD7: item | BE7: response | BG7: item | BH7: response | BJ7: item | BK7: response | BM7: item | BN7: response | BP7: item | BQ7: response | BS7: item | BT7: response | BV7: item-t | BW7: resp | BX7: item-f | BY7: resp | CA7: item-t | CB7: resp | CC7: item-f | CD7: resp | CF7: item-t | CG7: resp | CH7: item-f | CI7: resp | CK7: item-t | CL7: resp | CM7: item-f | CN7: resp | CP7: item-t | CQ7: resp | CR7: item-f | CS7: resp | CU7: item-t | CV7: resp | CW7: item-f | CX7: resp | CZ7: item-t | DA7: resp | DB7: item-f | DC7: resp | DE7: item-t | DF7: resp | DG7: item-f | DH7: resp | DJ7: item-t | DK7: resp | DL7: item-f | DM7: resp | DO7: item-t | DP7: resp | DQ7: item-f | DR7: resp | DT7: item-t | DU7: resp | DV7: item-f | DW7: resp | DY7: item-t | DZ7: resp | EA7: item-f | EB7: resp | ED7: item-t | EE7: resp | EF7: item-f | EG7: resp | EI7: item-t | EJ7: resp | EK7: item-f | EL7: resp | EN7: item-1 | EO7: resp | EP7: item-2 | EQ7: resp | ER7: inc | ET7: item-t | EU7: resp | EZ7: item-hi | FA7: resp | FB7: FK? | FC7: kresp | FD7: item-lo | FE7: resp | FF7: FK? | FG7: kresp | FI7: item-t | FJ7: resp | FK7: item-f | FL7: resp
B8: Clinician: | C8: ='Data Entry Sheet'!C8 | J8: Client name: | K8: =C5 -> Alex Carter | P8: 2 | Q8: =IF(ISERROR(VALUE(MID($C$11,$P8,1)))=TRUE,"TEXT",VALUE(MID($C$11,$P8,1))) -> 2 | S8: =IF(Q8=9,0,(IF(R8="Y",Q8-1,2-Q8))) -> 0 | T8: =IF(Q8=1,1,0) -> 0 | U8: =IF(Q8=2,1,0) -> 1 | W8: 241 | X8: =VLOOKUP(W8,$P$7:$S$396,4) -> 0 | Z8: 8 | AA8: =VLOOKUP(Z8,$P$7:$S$396,4) -> 0 | AC8: 12 | AD8: =VLOOKUP(AC8,$P$7:$S$396,4) -> 0 | AF8: 2 | AG8: =VLOOKUP(AF8,$P$7:$S$396,4) -> 0 | AI8: 13 | AJ8: =VLOOKUP(AI8,$P$7:$S$396,4) -> 0 | AL8: 13 | AM8: =VLOOKUP(AL8,$P$7:$S$396,4) -> 0 | AO8: 30 | AP8: =VLOOKUP(AO8,$P$7:$S$396,4) -> 1 | AR8: 7 | AS8: =VLOOKUP(AR8,$P$7:$S$396,4) -> 0 | AU8: 16 | AV8: =VLOOKUP(AU8,$P$7:$S$396,4) -> 1 | AX8: 211 | AY8: =VLOOKUP(AX8,$P$7:$S$396,4) -> 0 | BA8: 6 | BB8: =VLOOKUP(BA8,$P$7:$S$396,4) -> 0 | BD8: 49 | BE8: =VLOOKUP(BD8,$P$7:$S$396,4) -> 0 | BG8: 9 | BH8: =VLOOKUP(BG8,$P$7:$S$396,4) -> 0 | BJ8: 4 | BK8: =VLOOKUP(BJ8,$P$7:$S$396,4) -> 0 | BM8: 3 | BN8: =VLOOKUP(BM8,$P$7:$S$396,4) -> 0 | BP8: 1 | BQ8: =VLOOKUP(BP8,$P$7:$S$396,4) -> 0 | BS8: 255 | BT8: =VLOOKUP(BS8,$P$7:$S$396,4) -> 0 | BV8: 22 | BW8: =VLOOKUP(BV8,$P$7:$U$396,5) -> 0 | BX8: 3 | BY8: =VLOOKUP(BX8,$P$7:$U$396,6) -> 1 | CA8: 33 | CB8: =VLOOKUP(CA8,$P$7:$U$396,5) -> 0 | CC8: 4 | CD8: =VLOOKUP(CC8,$P$7:$U$396,6) -> 0 | CF8: 5 | CG8: =VLOOKUP(CF8,$P$7:$U$396,5) -> 0 | CH8: 29 | CI8: =VLOOKUP(CH8,$P$7:$U$396,6) -> 0 | CK8: 6 | CL8: =VLOOKUP(CK8,$P$7:$U$396,5) -> 1 | CM8: 74 | CN8: =VLOOKUP(CM8,$P$7:$U$396,6) -> 0 | CP8: 11 | CQ8: =VLOOKUP(CP8,$P$7:$U$396,5) -> 0 | CR8: 37 | CS8: =VLOOKUP(CR8,$P$7:$U$396,6) -> 0 | CU8: 40 | CV8: =VLOOKUP(CU8,$P$7:$U$396,5) -> 0 | CW8: 16 | CX8: =VLOOKUP(CW8,$P$7:$U$396,6) -> 1 | CZ8: 13 | DA8: =VLOOKUP(CZ8,$P$7:$U$396,5) -> 0 | DB8: 161 | DC8: =VLOOKUP(DB8,$P$7:$U$396,6) -> 1 | DE8: 57 | DF8: =VLOOKUP(DE8,$P$7:$U$396,5) -> 0 | DG8: 19 | DH8: =VLOOKUP(DG8,$P$7:$U$396,6) -> 1 | DJ8: 49 | DK8: =VLOOKUP(DJ8,$P$7:$U$396,5) -> 0 | DL8: 25 | DM8: =VLOOKUP(DL8,$P$7:$U$396,6) -> 0 | DO8: 12 | DP8: =VLOOKUP(DO8,$P$7:$U$396,5) -> 0 | DQ8: 147 | DR8: =VLOOKUP(DQ8,$P$7:$U$396,6) -> 1 | DT8: 18 | DU8: =VLOOKUP(DT8,$P$7:$U$396,5) -> 1 | DV8: 127 | DW8: =VLOOKUP(DV8,$P$7:$U$396,6) -> 1 | DY8: 8 | DZ8: =VLOOKUP(DY8,$P$7:$U$396,5) -> 0 | EA8: 24 | EB8: =VLOOKUP(EA8,$P$7:$U$396,6) -> 1 | ED8: 11 | EE8: =VLOOKUP(ED8,$P$7:$U$396,5) -> 0 | EF8: 74 | EG8: =VLOOKUP(EF8,$P$7:$U$396,6) -> 0 | EI8: 7 | EJ8: =VLOOKUP(EI8,$P$7:$U$396,5) -> 0 | EK8: 133 | EL8: =VLOOKUP(EK8,$P$7:$U$396,6) -> 0 | EN8: 27 | EO8: =VLOOKUP(EN8,$P$7:$U$396,2) -> 1 | EP8: 87 | EQ8: =VLOOKUP(EP8,$P$7:$U$396,2) -> 2 | ER8: =IF(EO8<>EQ8,1,0) -> 1 | ET8: 133 | EU8: =VLOOKUP(ET8,$P$7:$U$396,2) -> 1 | EZ8: 18 | FA8: =VLOOKUP(EZ8,$P$7:$U$396,2) -> 1 | FC8: =IF(OR(AND(FA8=1,FB8<>"Y"),AND(FA8=2,FB8="Y")),1,0) -> 1 | FD8: 31 | FE8: =VLOOKUP(FD8,$P$7:$U$396,2) -> 2 | FG8: =IF(OR(AND(FE8=1,FF8<>"Y"),AND(FE8=2,FF8="Y")),1,0) -> 0 | FI8: 204 | FJ8: =VLOOKUP(FI8,$P$7:$U$396,5) -> 0 | FK8: 276 | FL8: =VLOOKUP(FK8,$P$7:$U$396,6) -> 1
F9: Validity Scales | J9: Clinic number: | K9: =C6 | P9: 3 | Q9: =IF(ISERROR(VALUE(MID($C$11,$P9,1)))=TRUE,"TEXT",VALUE(MID($C$11,$P9,1))) -> 2 | S9: =IF(Q9=9,0,(IF(R9="Y",Q9-1,2-Q9))) -> 0 | T9: =IF(Q9=1,1,0) -> 0 | U9: =IF(Q9=2,1,0) -> 1 | W9: 244 | X9: =VLOOKUP(W9,$P$7:$S$396,4) -> 0 | Z9: 14 | AA9: =VLOOKUP(Z9,$P$7:$S$396,4) -> 0 | AC9: 25 | AD9: =VLOOKUP(AC9,$P$7:$S$396,4) -> 0 | AF9: 17 | AG9: =VLOOKUP(AF9,$P$7:$S$396,4) -> 1 | AI9: 30 | AJ9: =VLOOKUP(AI9,$P$7:$S$396,4) -> 1 | AL9: 77 | AM9: =VLOOKUP(AL9,$P$7:$S$396,4) -> 0 | AO9: 65 | AP9: =VLOOKUP(AO9,$P$7:$S$396,4) -> 0 | AR9: 20 | AS9: =VLOOKUP(AR9,$P$7:$S$396,4) -> 0 | AU9: 26 | AV9: =VLOOKUP(AU9,$P$7:$S$396,4) -> 0 | AX9: 239 | AY9: =VLOOKUP(AX9,$P$7:$S$396,4) -> 0 | BA9: 19 | BB9: =VLOOKUP(BA9,$P$7:$S$396,4) -> 1 | BD9: 71 | BE9: =VLOOKUP(BD9,$P$7:$S$396,4) -> 0 | BG9: 11 | BH9: =VLOOKUP(BG9,$P$7:$S$396,4) -> 0 | BJ9: 37 | BK9: =VLOOKUP(BJ9,$P$7:$S$396,4) -> 0 | BM9: 10 | BN9: =VLOOKUP(BM9,$P$7:$S$396,4) -> 1 | BP9: 18 | BQ9: =VLOOKUP(BP9,$P$7:$S$396,4) -> 1 | BS9: 263 | BT9: =VLOOKUP(BS9,$P$7:$S$396,4) -> 0 | BV9: 30 | BW9: =VLOOKUP(BV9,$P$7:$U$396,5) -> 1 | BX9: 10 | BY9: =VLOOKUP(BX9,$P$7:$U$396,6) -> 0 | CA9: 57 | CB9: =VLOOKUP(CA9,$P$7:$U$396,5) -> 0 | CC9: 25 | CD9: =VLOOKUP(CC9,$P$7:$U$396,6) -> 0 | CF9: 23 | CG9: =VLOOKUP(CF9,$P$7:$U$396,5) -> 0 | CH9: 37 | CI9: =VLOOKUP(CH9,$P$7:$U$396,6) -> 0 | CK9: 15 | CL9: =VLOOKUP(CK9,$P$7:$U$396,5) -> 0 | CM9: 158 | CN9: =VLOOKUP(CM9,$P$7:$U$396,6) -> 1 | CP9: 21 | CQ9: =VLOOKUP(CP9,$P$7:$U$396,5) -> 0 | CR9: 73 | CS9: =VLOOKUP(CR9,$P$7:$U$396,6) -> 1 | CU9: 55 | CV9: =VLOOKUP(CU9,$P$7:$U$396,5) -> 1 | CW9: 26 | CX9: =VLOOKUP(CW9,$P$7:$U$396,6) -> 0 | CZ9: 67 | DA9: =VLOOKUP(CZ9,$P$7:$U$396,5) -> 0 | DB9: 237 | DC9: =VLOOKUP(DB9,$P$7:$U$396,6) -> 1 | DE9: 69 | DF9: =VLOOKUP(DE9,$P$7:$U$396,5) -> 0 | DG9: 82 | DH9: =VLOOKUP(DG9,$P$7:$U$396,6) -> 1 | DJ9: 51 | DK9: =VLOOKUP(DJ9,$P$7:$U$396,5) -> 0 | DL9: 82 | DM9: =VLOOKUP(DL9,$P$7:$U$396,6) -> 1 | DO9: 21 | DP9: =VLOOKUP(DO9,$P$7:$U$396,5) -> 0 | DT9: 34 | DU9: =VLOOKUP(DT9,$P$7:$U$396,5) -> 0 | DV9: 170 | DW9: =VLOOKUP(DV9,$P$7:$U$396,6) -> 1 | DY9: 9 | DZ9: =VLOOKUP(DY9,$P$7:$U$396,5) -> 0 | EA9: 133 | EB9: =VLOOKUP(EA9,$P$7:$U$396,6) -> 0 | ED9: 22 | EE9: =VLOOKUP(ED9,$P$7:$U$396,5) -> 0 | EF9: 101 | EG9: =VLOOKUP(EF9,$P$7:$U$396,6) -> 1 | EI9: 14 | EJ9: =VLOOKUP(EI9,$P$7:$U$396,5) -> 0 | EK9: 199 | EL9: =VLOOKUP(EK9,$P$7:$U$396,6) -> 0 | EN9: 176 | EO9: =VLOOKUP(EN9,$P$7:$U$396,2) -> 2 | EP9: 205 | EQ9: =VLOOKUP(EP9,$P$7:$U$396,2) -> 2 | ER9: =IF(EO9<>EQ9,1,0) -> 0 | ET9: 224 | EU9: =VLOOKUP(ET9,$P$7:$U$396,2) -> 2 | EZ9: 25 | FA9: =VLOOKUP(EZ9,$P$7:$U$396,2) -> 1 | FB9: Y | FC9: =IF(OR(AND(FA9=1,FB9<>"Y"),AND(FA9=2,FB9="Y")),1,0) -> 0 | FD9: 47 | FE9: =VLOOKUP(FD9,$P$7:$U$396,2) -> 2 | FG9: =IF(OR(AND(FE9=1,FF9<>"Y"),AND(FE9=2,FF9="Y")),1,0) -> 0 | FI9: 212 | FJ9: =VLOOKUP(FI9,$P$7:$U$396,5) -> 0 | FK9: 306 | FL9: =VLOOKUP(FK9,$P$7:$U$396,6) -> 0
B10: Enter Data here (1 = true; 2 = false, 9 = missing) | F10: VRIN | G10: =EQ38 -> 9 | H10: =EQ39 -> 67 | J10: Date of testing: | K10: =C7 | P10: 4 | Q10: =IF(ISERROR(VALUE(MID($C$11,$P10,1)))=TRUE,"TEXT",VALUE(MID($C$11,$P10,1))) -> 1 | R10: Y | S10: =IF(Q10=9,0,(IF(R10="Y",Q10-1,2-Q10))) -> 0 | T10: =IF(Q10=1,1,0) -> 1 | U10: =IF(Q10=2,1,0) -> 0 | W10: 245 | X10: =VLOOKUP(W10,$P$7:$S$396,4) -> 0 | Z10: 27 | AA10: =VLOOKUP(Z10,$P$7:$S$396,4) -> 1 | AC10: 33 | AD10: =VLOOKUP(AC10,$P$7:$S$396,4) -> 0 | AF10: 21 | AG10: =VLOOKUP(AF10,$P$7:$S$396,4) -> 0 | AI10: 65 | AJ10: =VLOOKUP(AI10,$P$7:$S$396,4) -> 0 | AL10: 98 | AM10: =VLOOKUP(AL10,$P$7:$S$396,4) -> 0 | AO10: 110 | AP10: =VLOOKUP(AO10,$P$7:$S$396,4) -> 1 | AR10: 42 | AS10: =VLOOKUP(AR10,$P$7:$S$396,4) -> 0 | AU10: 36 | AV10: =VLOOKUP(AU10,$P$7:$S$396,4) -> 0 | AX10: 240 | AY10: =VLOOKUP(AX10,$P$7:$S$396,4) -> 1 | BA10: 28 | BB10: =VLOOKUP(BA10,$P$7:$S$396,4) -> 0 | BD10: 83 | BE10: =VLOOKUP(BD10,$P$7:$S$396,4) -> 0 | BG10: 22 | BH10: =VLOOKUP(BG10,$P$7:$S$396,4) -> 0 | BJ10: 41 | BK10: =VLOOKUP(BJ10,$P$7:$S$396,4) -> 0 | BM10: 32 | BN10: =VLOOKUP(BM10,$P$7:$S$396,4) -> 0 | BP10: 29 | BQ10: =VLOOKUP(BP10,$P$7:$S$396,4) -> 1 | BS10: 271 | BT10: =VLOOKUP(BS10,$P$7:$S$396,4) -> 0 | BV10: 142 | BW10: =VLOOKUP(BV10,$P$7:$U$396,5) -> 0 | BX10: 26 | BY10: =VLOOKUP(BX10,$P$7:$U$396,6) -> 0 | CA10: 88 | CB10: =VLOOKUP(CA10,$P$7:$U$396,5) -> 0 | CC10: 34 | CD10: =VLOOKUP(CC10,$P$7:$U$396,6) -> 1 | CF10: 56 | CG10: =VLOOKUP(CF10,$P$7:$U$396,5) -> 0 | CH10: 73 | CI10: =VLOOKUP(CH10,$P$7:$U$396,6) -> 1 | CK10: 19 | CL10: =VLOOKUP(CK10,$P$7:$U$396,5) -> 0 | CP10: 39 | CQ10: =VLOOKUP(CP10,$P$7:$U$396,5) -> 0 | CR10: 185 | CS10: =VLOOKUP(CR10,$P$7:$U$396,6) -> 1 | CU10: 100 | CV10: =VLOOKUP(CU10,$P$7:$U$396,5) -> 0 | CW10: 36 | CX10: =VLOOKUP(CW10,$P$7:$U$396,6) -> 0 | CZ10: 98 | DA10: =VLOOKUP(CZ10,$P$7:$U$396,5) -> 0 | DB10: 253 | DC10: =VLOOKUP(DB10,$P$7:$U$396,6) -> 0 | DE10: 100 | DF10: =VLOOKUP(DE10,$P$7:$U$396,5) -> 0 | DG10: 83 | DH10: =VLOOKUP(DG10,$P$7:$U$396,6) -> 0 | DJ10: 57 | DK10: =VLOOKUP(DJ10,$P$7:$U$396,5) -> 0 | DL10: 350 | DM10: =VLOOKUP(DL10,$P$7:$U$396,6) -> 1 | DO10: 59 | DP10: =VLOOKUP(DO10,$P$7:$U$396,5) -> 1 | DT10: 71 | DU10: =VLOOKUP(DT10,$P$7:$U$396,5) -> 0 | DV10: 198 | DW10: =VLOOKUP(DV10,$P$7:$U$396,6) -> 0 | DY10: 14 | DZ10: =VLOOKUP(DY10,$P$7:$U$396,5) -> 0 | EA10: 147 | EB10: =VLOOKUP(EA10,$P$7:$U$396,6) -> 1 | ED10: 35 | EE10: =VLOOKUP(ED10,$P$7:$U$396,5) -> 0 | EF10: 182 | EG10: =VLOOKUP(EF10,$P$7:$U$396,6) -> 0 | EI10: 20 | EJ10: =VLOOKUP(EI10,$P$7:$U$396,5) -> 0 | EK10: 218 | EL10: =VLOOKUP(EK10,$P$7:$U$396,6) -> 1 | EN10: 25 | EO10: =VLOOKUP(EN10,$P$7:$U$396,2) -> 1 | EP10: 200 | EQ10: =VLOOKUP(EP10,$P$7:$U$396,2) -> 1 | ER10: =IF(EO10<>EQ10,1,0) -> 0 | ET10: 25 | EU10: =VLOOKUP(ET10,$P$7:$U$396,2) -> 1 | EZ10: 49 | FA10: =VLOOKUP(EZ10,$P$7:$U$396,2) -> 2 | FC10: =IF(OR(AND(FA10=1,FB10<>"Y"),AND(FA10=2,FB10="Y")),1,0) -> 0 | FD10: 54 | FE10: =VLOOKUP(FD10,$P$7:$U$396,2) -> 2 | FG10: =IF(OR(AND(FE10=1,FF10<>"Y"),AND(FE10=2,FF10="Y")),1,0) -> 0 | FI10: 220 | FJ10: =VLOOKUP(FI10,$P$7:$U$396,5) -> 0 | FK10: 308 | FL10: =VLOOKUP(FK10,$P$7:$U$396,6) -> 0
B11: Items 1-60 | C11: ='Data Entry Sheet'!C11 -> 222121222122222221222222111211222221122222222222222212122212 | F11: TRIN | G11: =EX38 -> 11 | H11: =EX39 -> 26 | J11: Clinician: | K11: =C8 | P11: 5 | Q11: =IF(ISERROR(VALUE(MID($C$11,$P11,1)))=TRUE,"TEXT",VALUE(MID($C$11,$P11,1))) -> 2 | S11: =IF(Q11=9,0,(IF(R11="Y",Q11-1,2-Q11))) -> 0 | T11: =IF(Q11=1,1,0) -> 0 | U11: =IF(Q11=2,1,0) -> 1 | W11: 248 | X11: =VLOOKUP(W11,$P$7:$S$396,4) -> 0 | Z11: 38 | AA11: =VLOOKUP(Z11,$P$7:$S$396,4) -> 0 | AC11: 46 | AD11: =VLOOKUP(AC11,$P$7:$S$396,4) -> 0 | AF11: 24 | AG11: =VLOOKUP(AF11,$P$7:$S$396,4) -> 1 | AI11: 77 | AJ11: =VLOOKUP(AI11,$P$7:$S$396,4) -> 0 | AL11: 139 | AM11: =VLOOKUP(AL11,$P$7:$S$396,4) -> 1 | AO11: 142 | AP11: =VLOOKUP(AO11,$P$7:$S$396,4) -> 0 | AR11: 51 | AS11: =VLOOKUP(AR11,$P$7:$S$396,4) -> 0 | AU11: 40 | AV11: =VLOOKUP(AU11,$P$7:$S$396,4) -> 0 | AX11: 242 | AY11: =VLOOKUP(AX11,$P$7:$S$396,4) -> 1 | BA11: 45 | BB11: =VLOOKUP(BA11,$P$7:$S$396,4) -> 1 | BD11: 90 | BE11: =VLOOKUP(BD11,$P$7:$S$396,4) -> 0 | BG11: 35 | BH11: =VLOOKUP(BG11,$P$7:$S$396,4) -> 0 | BJ11: 58 | BK11: =VLOOKUP(BJ11,$P$7:$S$396,4) -> 1 | BM11: 34 | BN11: =VLOOKUP(BM11,$P$7:$S$396,4) -> 0 | BP11: 47 | BQ11: =VLOOKUP(BP11,$P$7:$S$396,4) -> 0 | BS11: 280 | BT11: =VLOOKUP(BS11,$P$7:$S$396,4) -> 1 | BV11: 2 | BW11: =VLOOKUP(BV11,$P$7:$U$396,5) -> 0 | BX11: 49 | BY11: =VLOOKUP(BX11,$P$7:$U$396,6) -> 1 | CA11: 91 | CB11: =VLOOKUP(CA11,$P$7:$U$396,5) -> 0 | CC11: 37 | CD11: =VLOOKUP(CC11,$P$7:$U$396,6) -> 0 | CF11: 66 | CG11: =VLOOKUP(CF11,$P$7:$U$396,5) -> 0 | CH11: 80 | CI11: =VLOOKUP(CH11,$P$7:$U$396,6) -> 0 | CK11: 92 | CL11: =VLOOKUP(CK11,$P$7:$U$396,5) -> 0 | CP11: 42 | CQ11: =VLOOKUP(CP11,$P$7:$U$396,5) -> 0 | CR11: 199 | CS11: =VLOOKUP(CR11,$P$7:$U$396,6) -> 0 | CU11: 123 | CV11: =VLOOKUP(CU11,$P$7:$U$396,5) -> 0 | CW11: 62 | CX11: =VLOOKUP(CW11,$P$7:$U$396,6) -> 0 | CZ11: 115 | DA11: =VLOOKUP(CZ11,$P$7:$U$396,5) -> 0 | DE11: 123 | DF11: =VLOOKUP(DE11,$P$7:$U$396,5) -> 0 | DG11: 145 | DH11: =VLOOKUP(DG11,$P$7:$U$396,6) -> 1 | DJ11: 69 | DK11: =VLOOKUP(DJ11,$P$7:$U$396,5) -> 0 | DL11: 368 | DM11: =VLOOKUP(DL11,$P$7:$U$396,6) -> 1 | DO11: 107 | DP11: =VLOOKUP(DO11,$P$7:$U$396,5) -> 0 | DT11: 111 | DU11: =VLOOKUP(DT11,$P$7:$U$396,5) -> 0 | DV11: 228 | DW11: =VLOOKUP(DV11,$P$7:$U$396,6) -> 1 | DY11: 38 | DZ11: =VLOOKUP(DY11,$P$7:$U$396,5) -> 0 | EA11: 148 | EB11: =VLOOKUP(EA11,$P$7:$U$396,6) -> 0 | ED11: 48 | EE11: =VLOOKUP(ED11,$P$7:$U$396,5) -> 0 | EF11: 218 | EG11: =VLOOKUP(EF11,$P$7:$U$396,6) -> 1 | EI11: 38 | EJ11: =VLOOKUP(EI11,$P$7:$U$396,5) -> 0 | EN11: 91 | EO11: =VLOOKUP(EN11,$P$7:$U$396,2) -> 2 | EP11: 102 | EQ11: =VLOOKUP(EP11,$P$7:$U$396,2) -> 2 | ER11: =IF(EO11<>EQ11,1,0) -> 0 | ET11: 105 | EU11: =VLOOKUP(ET11,$P$7:$U$396,2) -> 2 | EZ11: 79 | FA11: =VLOOKUP(EZ11,$P$7:$U$396,2) -> 2 | FC11: =IF(OR(AND(FA11=1,FB11<>"Y"),AND(FA11=2,FB11="Y")),1,0) -> 0 | FD11: 84 | FE11: =VLOOKUP(FD11,$P$7:$U$396,2) -> 1 | FF11: Y | FG11: =IF(OR(AND(FE11=1,FF11<>"Y"),AND(FE11=2,FF11="Y")),1,0) -> 0 | FI11: 229 | FJ11: =VLOOKUP(FI11,$P$7:$U$396,5) -> 0
B12: Items 61-120 | C12: ='Data Entry Sheet'!C12 -> 112122222222211211212211222212221121222222222222222222222222 | F12: DRIN | G12: =FD30 -> 17 | H12: =FD31 -> 40 | P12: 6 | Q12: =IF(ISERROR(VALUE(MID($C$11,$P12,1)))=TRUE,"TEXT",VALUE(MID($C$11,$P12,1))) -> 1 | R12: Y | S12: =IF(Q12=9,0,(IF(R12="Y",Q12-1,2-Q12))) -> 0 | T12: =IF(Q12=1,1,0) -> 1 | U12: =IF(Q12=2,1,0) -> 0 | W12: 250 | X12: =VLOOKUP(W12,$P$7:$S$396,4) -> 0 | Z12: 53 | AA12: =VLOOKUP(Z12,$P$7:$S$396,4) -> 1 | AC12: 63 | AD12: =VLOOKUP(AC12,$P$7:$S$396,4) -> 1 | AF12: 31 | AG12: =VLOOKUP(AF12,$P$7:$S$396,4) -> 0 | AI12: 98 | AJ12: =VLOOKUP(AI12,$P$7:$S$396,4) -> 0 | AL12: 161 | AM12: =VLOOKUP(AL12,$P$7:$S$396,4) -> 1 | AO12: 157 | AP12: =VLOOKUP(AO12,$P$7:$S$396,4) -> 0 | AR12: 60 | AS12: =VLOOKUP(AR12,$P$7:$S$396,4) -> 0 | AU12: 44 | AV12: =VLOOKUP(AU12,$P$7:$S$396,4) -> 0 | AX12: 249 | AY12: =VLOOKUP(AX12,$P$7:$S$396,4) -> 1 | BA12: 57 | BB12: =VLOOKUP(BA12,$P$7:$S$396,4) -> 0 | BD12: 113 | BE12: =VLOOKUP(BD12,$P$7:$S$396,4) -> 0 | BG12: 48 | BH12: =VLOOKUP(BG12,$P$7:$S$396,4) -> 0 | BJ12: 66 | BK12: =VLOOKUP(BJ12,$P$7:$S$396,4) -> 0 | BM12: 50 | BN12: =VLOOKUP(BM12,$P$7:$S$396,4) -> 0 | BP12: 54 | BQ12: =VLOOKUP(BP12,$P$7:$S$396,4) -> 0 | BS12: 286 | BT12: =VLOOKUP(BS12,$P$7:$S$396,4) -> 0 | BV12: 149 | BW12: =VLOOKUP(BV12,$P$7:$U$396,5) -> 1 | BX12: 52 | BY12: =VLOOKUP(BX12,$P$7:$U$396,6) -> 1 | CA12: 99 | CB12: =VLOOKUP(CA12,$P$7:$U$396,5) -> 0 | CC12: 124 | CD12: =VLOOKUP(CC12,$P$7:$U$396,6) -> 0 | CF12: 91 | CG12: =VLOOKUP(CF12,$P$7:$U$396,5) -> 0 | CH12: 146 | CI12: =VLOOKUP(CH12,$P$7:$U$396,6) -> 0 | CK12: 196 | CL12: =VLOOKUP(CK12,$P$7:$U$396,5) -> 0 | CP12: 55 | CQ12: =VLOOKUP(CP12,$P$7:$U$396,5) -> 1 | CU12: 197 | CV12: =VLOOKUP(CU12,$P$7:$U$396,5) -> 0 | CW12: 84 | CX12: =VLOOKUP(CW12,$P$7:$U$396,6) -> 0 | CZ12: 139 | DA12: =VLOOKUP(CZ12,$P$7:$U$396,5) -> 1 | DE12: 169 | DF12: =VLOOKUP(DE12,$P$7:$U$396,5) -> 0 | DG12: 207 | DH12: =VLOOKUP(DG12,$P$7:$U$396,6) -> 1 | DJ12: 108 | DK12: =VLOOKUP(DJ12,$P$7:$U$396,5) -> 0 | DO12: 186 | DP12: =VLOOKUP(DO12,$P$7:$U$396,5) -> 1 | DT12: 124 | DU12: =VLOOKUP(DT12,$P$7:$U$396,5) -> 1 | DV12: 329 | DW12: =VLOOKUP(DV12,$P$7:$U$396,6) -> 1 | DY12: 53 | DZ12: =VLOOKUP(DY12,$P$7:$U$396,5) -> 1 | ED12: 140 | EE12: =VLOOKUP(ED12,$P$7:$U$396,5) -> 0 | EF12: 239 | EG12: =VLOOKUP(EF12,$P$7:$U$396,6) -> 1 | EI12: 48 | EJ12: =VLOOKUP(EI12,$P$7:$U$396,5) -> 0 | EN12: 157 | EO12: =VLOOKUP(EN12,$P$7:$U$396,2) -> 2 | EP12: 190 | EQ12: =VLOOKUP(EP12,$P$7:$U$396,2) -> 2 | ER12: =IF(EO12<>EQ12,1,0) -> 0 | ET12: 129 | EU12: =VLOOKUP(ET12,$P$7:$U$396,2) -> 2 | EZ12: 93 | FA12: =VLOOKUP(EZ12,$P$7:$U$396,2) -> 1 | FC12: =IF(OR(AND(FA12=1,FB12<>"Y"),AND(FA12=2,FB12="Y")),1,0) -> 1 | FD12: 91 | FE12: =VLOOKUP(FD12,$P$7:$U$396,2) -> 2 | FG12: =IF(OR(AND(FE12=1,FF12<>"Y"),AND(FE12=2,FF12="Y")),1,0) -> 0 | FI12: 230 | FJ12: =VLOOKUP(FI12,$P$7:$U$396,5) -> 0
B13: Items 121-180 | C13: ='Data Entry Sheet'!C13 -> 222122222212121222122222212111211211222222211211222221121111 | F13: Rare Virtues | G13: =BT37 -> 3 | H13: =BT38 -> 50 | P13: 7 | Q13: =IF(ISERROR(VALUE(MID($C$11,$P13,1)))=TRUE,"TEXT",VALUE(MID($C$11,$P13,1))) -> 2 | S13: =IF(Q13=9,0,(IF(R13="Y",Q13-1,2-Q13))) -> 0 | T13: =IF(Q13=1,1,0) -> 0 | U13: =IF(Q13=2,1,0) -> 1 | W13: 252 | X13: =VLOOKUP(W13,$P$7:$S$396,4) -> 0 | Z13: 59 | AA13: =VLOOKUP(Z13,$P$7:$S$396,4) -> 1 | AC13: 76 | AD13: =VLOOKUP(AC13,$P$7:$S$396,4) -> 0 | AF13: 43 | AG13: =VLOOKUP(AF13,$P$7:$S$396,4) -> 0 | AI13: 110 | AJ13: =VLOOKUP(AI13,$P$7:$S$396,4) -> 1 | AL13: 193 | AM13: =VLOOKUP(AL13,$P$7:$S$396,4) -> 0 | AO13: 172 | AP13: =VLOOKUP(AO13,$P$7:$S$396,4) -> 0 | AR13: 72 | AS13: =VLOOKUP(AR13,$P$7:$S$396,4) -> 0 | AU13: 52 | AV13: =VLOOKUP(AU13,$P$7:$S$396,4) -> 1 | AX13: 253 | AY13: =VLOOKUP(AX13,$P$7:$S$396,4) -> 1 | BA13: 69 | BB13: =VLOOKUP(BA13,$P$7:$S$396,4) -> 0 | BD13: 120 | BE13: =VLOOKUP(BD13,$P$7:$S$396,4) -> 0 | BG13: 61 | BH13: =VLOOKUP(BG13,$P$7:$S$396,4) -> 0 | BJ13: 89 | BK13: =VLOOKUP(BJ13,$P$7:$S$396,4) -> 0 | BM13: 64 | BN13: =VLOOKUP(BM13,$P$7:$S$396,4) -> 1 | BP13: 68 | BQ13: =VLOOKUP(BP13,$P$7:$S$396,4) -> 0 | BS13: 296 | BT13: =VLOOKUP(BS13,$P$7:$S$396,4) -> 1 | BV13: 79 | BW13: =VLOOKUP(BV13,$P$7:$U$396,5) -> 0 | BX13: 74 | BY13: =VLOOKUP(BX13,$P$7:$U$396,6) -> 0 | CA13: 117 | CB13: =VLOOKUP(CA13,$P$7:$U$396,5) -> 0 | CC13: 130 | CD13: =VLOOKUP(CC13,$P$7:$U$396,6) -> 1 | CF13: 97 | CG13: =VLOOKUP(CF13,$P$7:$U$396,5) -> 0 | CH13: 225 | CI13: =VLOOKUP(CH13,$P$7:$U$396,6) -> 1 | CK13: 238 | CL13: =VLOOKUP(CK13,$P$7:$U$396,5) -> 0 | CP13: 65 | CQ13: =VLOOKUP(CP13,$P$7:$U$396,5) -> 0 | CU13: 313 | CV13: =VLOOKUP(CU13,$P$7:$U$396,5) -> 0 | CW13: 156 | CX13: =VLOOKUP(CW13,$P$7:$U$396,6) -> 0 | CZ13: 193 | DA13: =VLOOKUP(CZ13,$P$7:$U$396,5) -> 0 | DE13: 183 | DF13: =VLOOKUP(DE13,$P$7:$U$396,5) -> 0 | DJ13: 113 | DK13: =VLOOKUP(DJ13,$P$7:$U$396,5) -> 0 | DO13: 219 | DP13: =VLOOKUP(DO13,$P$7:$U$396,5) -> 0 | DT13: 125 | DU13: =VLOOKUP(DT13,$P$7:$U$396,5) -> 0 | DY13: 67 | DZ13: =VLOOKUP(DY13,$P$7:$U$396,5) -> 0 | ED13: 177 | EE13: =VLOOKUP(ED13,$P$7:$U$396,5) -> 1 | EF13: 249 | EG13: =VLOOKUP(EF13,$P$7:$U$396,6) -> 0 | EI13: 72 | EJ13: =VLOOKUP(EI13,$P$7:$U$396,5) -> 0 | EN13: 28 | EO13: =VLOOKUP(EN13,$P$7:$U$396,2) -> 2 | EP13: 183 | EQ13: =VLOOKUP(EP13,$P$7:$U$396,2) -> 2 | ER13: =IF(EO13<>EQ13,1,0) -> 0 | ET13: 200 | EU13: =VLOOKUP(ET13,$P$7:$U$396,2) -> 1 | EZ13: 95 | FA13: =VLOOKUP(EZ13,$P$7:$U$396,2) -> 2 | FC13: =IF(OR(AND(FA13=1,FB13<>"Y"),AND(FA13=2,FB13="Y")),1,0) -> 0 | FD13: 105 | FE13: =VLOOKUP(FD13,$P$7:$U$396,2) -> 2 | FG13: =IF(OR(AND(FE13=1,FF13<>"Y"),AND(FE13=2,FF13="Y")),1,0) -> 0 | FI13: 233 | FJ13: =VLOOKUP(FI13,$P$7:$U$396,5) -> 0
B14: Items 181-240 | C14: ='Data Entry Sheet'!C14 -> 112121222212222221111122212222222222222222222222222222222221 | F14: Deviance | G14: =BX35 -> 7 | H14: =BX36 -> 71 | P14: 8 | Q14: =IF(ISERROR(VALUE(MID($C$11,$P14,1)))=TRUE,"TEXT",VALUE(MID($C$11,$P14,1))) -> 2 | S14: =IF(Q14=9,0,(IF(R14="Y",Q14-1,2-Q14))) -> 0 | T14: =IF(Q14=1,1,0) -> 0 | U14: =IF(Q14=2,1,0) -> 1 | W14: 259 | X14: =VLOOKUP(W14,$P$7:$S$396,4) -> 0 | Z14: 67 | AA14: =VLOOKUP(Z14,$P$7:$S$396,4) -> 0 | AC14: 88 | AD14: =VLOOKUP(AC14,$P$7:$S$396,4) -> 0 | AF14: 56 | AG14: =VLOOKUP(AF14,$P$7:$S$396,4) -> 0 | AI14: 139 | AJ14: =VLOOKUP(AI14,$P$7:$S$396,4) -> 1 | AL14: 237 | AM14: =VLOOKUP(AL14,$P$7:$S$396,4) -> 1 | AO14: 174 | AP14: =VLOOKUP(AO14,$P$7:$S$396,4) -> 1 | AR14: 86 | AS14: =VLOOKUP(AR14,$P$7:$S$396,4) -> 0 | AU14: 62 | AV14: =VLOOKUP(AU14,$P$7:$S$396,4) -> 0 | AX14: 256 | AY14: =VLOOKUP(AX14,$P$7:$S$396,4) -> 1 | BA14: 82 | BB14: =VLOOKUP(BA14,$P$7:$S$396,4) -> 1 | BD14: 125 | BE14: =VLOOKUP(BD14,$P$7:$S$396,4) -> 0 | BG14: 74 | BH14: =VLOOKUP(BG14,$P$7:$S$396,4) -> 0 | BJ14: 99 | BK14: =VLOOKUP(BJ14,$P$7:$S$396,4) -> 0 | BM14: 78 | BN14: =VLOOKUP(BM14,$P$7:$S$396,4) -> 1 | BP14: 79 | BQ14: =VLOOKUP(BP14,$P$7:$S$396,4) -> 0 | BS14: 305 | BT14: =VLOOKUP(BS14,$P$7:$S$396,4) -> 0 | BV14: 43 | BW14: =VLOOKUP(BV14,$P$7:$U$396,5) -> 0 | BX14: 77 | BY14: =VLOOKUP(BX14,$P$7:$U$396,6) -> 0 | CA14: 164 | CB14: =VLOOKUP(CA14,$P$7:$U$396,5) -> 1 | CC14: 154 | CD14: =VLOOKUP(CC14,$P$7:$U$396,6) -> 1 | CF14: 102 | CG14: =VLOOKUP(CF14,$P$7:$U$396,5) -> 0 | CH14: 251 | CI14: =VLOOKUP(CH14,$P$7:$U$396,6) -> 0 | CK14: 265 | CL14: =VLOOKUP(CK14,$P$7:$U$396,5) -> 0 | CP14: 72 | CQ14: =VLOOKUP(CP14,$P$7:$U$396,5) -> 0 | CU14: 327 | CV14: =VLOOKUP(CU14,$P$7:$U$396,5) -> 0 | CZ14: 215 | DA14: =VLOOKUP(CZ14,$P$7:$U$396,5) -> 0 | DE14: 217 | DF14: =VLOOKUP(DE14,$P$7:$U$396,5) -> 0 | DJ14: 119 | DK14: =VLOOKUP(DJ14,$P$7:$U$396,5) -> 0 | DO14: 246 | DP14: =VLOOKUP(DO14,$P$7:$U$396,5) -> 0 | DT14: 138 | DU14: =VLOOKUP(DT14,$P$7:$U$396,5) -> 0 | DY14: 87 | DZ14: =VLOOKUP(DY14,$P$7:$U$396,5) -> 0 | ED14: 196 | EE14: =VLOOKUP(ED14,$P$7:$U$396,5) -> 0 | EF14: 304 | EG14: =VLOOKUP(EF14,$P$7:$U$396,6) -> 1 | EI14: 86 | EJ14: =VLOOKUP(EI14,$P$7:$U$396,5) -> 0 | EN14: 93 | EO14: =VLOOKUP(EN14,$P$7:$U$396,2) -> 1 | EP14: 108 | EQ14: =VLOOKUP(EP14,$P$7:$U$396,2) -> 2 | ER14: =IF(EO14<>EQ14,1,0) -> 1 | ET14: 109 | EU14: =VLOOKUP(ET14,$P$7:$U$396,2) -> 2 | EZ14: 102 | FA14: =VLOOKUP(EZ14,$P$7:$U$396,2) -> 2 | FC14: =IF(OR(AND(FA14=1,FB14<>"Y"),AND(FA14=2,FB14="Y")),1,0) -> 0 | FD14: 108 | FE14: =VLOOKUP(FD14,$P$7:$U$396,2) -> 2 | FG14: =IF(OR(AND(FE14=1,FF14<>"Y"),AND(FE14=2,FF14="Y")),1,0) -> 0 | FI14: 243 | FJ14: =VLOOKUP(FI14,$P$7:$U$396,5) -> 0
B15: Items 241-300 | C15: ='Data Entry Sheet'!C15 -> 212222221212112112222211222222222222222222212222222222122221 | F15: Back Deviance | G15: =FK35 -> 1 | H15: =FK36 -> 48 | J15: =B19 -> Error Flags | P15: 9 | Q15: =IF(ISERROR(VALUE(MID($C$11,$P15,1)))=TRUE,"TEXT",VALUE(MID($C$11,$P15,1))) -> 2 | S15: =IF(Q15=9,0,(IF(R15="Y",Q15-1,2-Q15))) -> 0 | T15: =IF(Q15=1,1,0) -> 0 | U15: =IF(Q15=2,1,0) -> 1 | W15: 260 | X15: =VLOOKUP(W15,$P$7:$S$396,4) -> 0 | Z15: 87 | AA15: =VLOOKUP(Z15,$P$7:$S$396,4) -> 0 | AC15: 91 | AD15: =VLOOKUP(AC15,$P$7:$S$396,4) -> 0 | AF15: 70 | AG15: =VLOOKUP(AF15,$P$7:$S$396,4) -> 0 | AI15: 142 | AJ15: =VLOOKUP(AI15,$P$7:$S$396,4) -> 0 | AO15: 190 | AP15: =VLOOKUP(AO15,$P$7:$S$396,4) -> 0 | AR15: 103 | AS15: =VLOOKUP(AR15,$P$7:$S$396,4) -> 0 | AU15: 75 | AV15: =VLOOKUP(AU15,$P$7:$S$396,4) -> 1 | AX15: 257 | AY15: =VLOOKUP(AX15,$P$7:$S$396,4) -> 1 | BA15: 93 | BB15: =VLOOKUP(BA15,$P$7:$S$396,4) -> 1 | BD15: 132 | BE15: =VLOOKUP(BD15,$P$7:$S$396,4) -> 0 | BG15: 92 | BH15: =VLOOKUP(BG15,$P$7:$S$396,4) -> 0 | BJ15: 114 | BK15: =VLOOKUP(BJ15,$P$7:$S$396,4) -> 0 | BM15: 85 | BN15: =VLOOKUP(BM15,$P$7:$S$396,4) -> 0 | BP15: 111 | BQ15: =VLOOKUP(BP15,$P$7:$S$396,4) -> 0 | BS15: 314 | BT15: =VLOOKUP(BS15,$P$7:$S$396,4) -> 0 | BV15: 105 | BW15: =VLOOKUP(BV15,$P$7:$U$396,5) -> 0 | BX15: 84 | BY15: =VLOOKUP(BX15,$P$7:$U$396,6) -> 0 | CA15: 186 | CB15: =VLOOKUP(CA15,$P$7:$U$396,5) -> 1 | CC15: 160 | CD15: =VLOOKUP(CC15,$P$7:$U$396,6) -> 1 | CF15: 104 | CG15: =VLOOKUP(CF15,$P$7:$U$396,5) -> 0 | CH15: 311 | CI15: =VLOOKUP(CH15,$P$7:$U$396,6) -> 1 | CK15: 281 | CL15: =VLOOKUP(CK15,$P$7:$U$396,5) -> 0 | CP15: 134 | CQ15: =VLOOKUP(CP15,$P$7:$U$396,5) -> 0 | CU15: 340 | CV15: =VLOOKUP(CU15,$P$7:$U$396,5) -> 0 | CZ15: 216 | DA15: =VLOOKUP(CZ15,$P$7:$U$396,5) -> 0 | DE15: 218 | DF15: =VLOOKUP(DE15,$P$7:$U$396,5) -> 0 | DJ15: 120 | DK15: =VLOOKUP(DJ15,$P$7:$U$396,5) -> 0 | DO15: 267 | DP15: =VLOOKUP(DO15,$P$7:$U$396,5) -> 0 | DT15: 160 | DU15: =VLOOKUP(DT15,$P$7:$U$396,5) -> 0 | DY15: 96 | DZ15: =VLOOKUP(DY15,$P$7:$U$396,5) -> 1 | ED15: 233 | EE15: =VLOOKUP(ED15,$P$7:$U$396,5) -> 0 | EF15: 341 | EG15: =VLOOKUP(EF15,$P$7:$U$396,6) -> 1 | EI15: 121 | EJ15: =VLOOKUP(EI15,$P$7:$U$396,5) -> 0 | EN15: 132 | EO15: =VLOOKUP(EN15,$P$7:$U$396,2) -> 2 | EP15: 203 | EQ15: =VLOOKUP(EP15,$P$7:$U$396,2) -> 2 | ER15: =IF(EO15<>EQ15,1,0) -> 0 | ET15: 194 | EU15: =VLOOKUP(ET15,$P$7:$U$396,2) -> 2 | EZ15: 116 | FA15: =VLOOKUP(EZ15,$P$7:$U$396,2) -> 2 | FC15: =IF(OR(AND(FA15=1,FB15<>"Y"),AND(FA15=2,FB15="Y")),1,0) -> 0 | FD15: 127 | FE15: =VLOOKUP(FD15,$P$7:$U$396,2) -> 2 | FF15: Y | FG15: =IF(OR(AND(FE15=1,FF15<>"Y"),AND(FE15=2,FF15="Y")),1,0) -> 1 | FI15: 268 | FJ15: =VLOOKUP(FI15,$P$7:$U$396,5) -> 0
B16: Items 301-360 | C16: ='Data Entry Sheet'!C16 -> 222221212221212212122211212121122222211221212222222222222222 | F16: Invalidity Index | G16: =G14+G13+G10+EX41+FD33 -> 28 | H16: =(((G16-16.2)/5)*10)+50 -> 74 | J16: =B20 -> Wrong Characters: | K16: =C20 -> 0 | M16: =IF(OR($K$16>0,$K$17>0),"D A T A E N T R Y","") | P16: 10 | Q16: =IF(ISERROR(VALUE(MID($C$11,$P16,1)))=TRUE,"TEXT",VALUE(MID($C$11,$P16,1))) -> 1 | S16: =IF(Q16=9,0,(IF(R16="Y",Q16-1,2-Q16))) -> 1 | T16: =IF(Q16=1,1,0) -> 1 | U16: =IF(Q16=2,1,0) -> 0 | W16: 264 | X16: =VLOOKUP(W16,$P$7:$S$396,4) -> 1 | Z16: 106 | AA16: =VLOOKUP(Z16,$P$7:$S$396,4) -> 0 | AC16: 102 | AD16: =VLOOKUP(AC16,$P$7:$S$396,4) -> 0 | AF16: 80 | AG16: =VLOOKUP(AF16,$P$7:$S$396,4) -> 0 | AI16: 157 | AJ16: =VLOOKUP(AI16,$P$7:$S$396,4) -> 0 | AO16: 206 | AP16: =VLOOKUP(AO16,$P$7:$S$396,4) -> 0 | AR16: 128 | AS16: =VLOOKUP(AR16,$P$7:$S$396,4) -> 0 | AU16: 81 | AV16: =VLOOKUP(AU16,$P$7:$S$396,4) -> 0 | AX16: 262 | AY16: =VLOOKUP(AX16,$P$7:$S$396,4) -> 0 | BA16: 108 | BB16: =VLOOKUP(BA16,$P$7:$S$396,4) -> 0 | BD16: 143 | BE16: =VLOOKUP(BD16,$P$7:$S$396,4) -> 0 | BG16: 101 | BH16: =VLOOKUP(BG16,$P$7:$S$396,4) -> 1 | BJ16: 126 | BK16: =VLOOKUP(BJ16,$P$7:$S$396,4) -> 1 | BM16: 94 | BN16: =VLOOKUP(BM16,$P$7:$S$396,4) -> 0 | BP16: 116 | BQ16: =VLOOKUP(BP16,$P$7:$S$396,4) -> 0 | BS16: 322 | BT16: =VLOOKUP(BS16,$P$7:$S$396,4) -> 0 | BX16: 85 | BY16: =VLOOKUP(BX16,$P$7:$U$396,6) -> 1 | CA16: 198 | CB16: =VLOOKUP(CA16,$P$7:$U$396,5) -> 1 | CC16: 168 | CD16: =VLOOKUP(CC16,$P$7:$U$396,6) -> 0 | CF16: 114 | CG16: =VLOOKUP(CF16,$P$7:$U$396,5) -> 0 | CK16: 292 | CL16: =VLOOKUP(CK16,$P$7:$U$396,5) -> 0 | CP16: 142 | CQ16: =VLOOKUP(CP16,$P$7:$U$396,5) -> 0 | CU16: 355 | CV16: =VLOOKUP(CU16,$P$7:$U$396,5) -> 0 | CZ16: 244 | DA16: =VLOOKUP(CZ16,$P$7:$U$396,5) -> 0 | DE16: 223 | DF16: =VLOOKUP(DE16,$P$7:$U$396,5) -> 0 | DJ16: 125 | DK16: =VLOOKUP(DJ16,$P$7:$U$396,5) -> 0 | DO16: 274 | DP16: =VLOOKUP(DO16,$P$7:$U$396,5) -> 0 | DT16: 180 | DU16: =VLOOKUP(DT16,$P$7:$U$396,5) -> 1 | DY16: 121 | DZ16: =VLOOKUP(DY16,$P$7:$U$396,5) -> 0 | ED16: 278 | EE16: =VLOOKUP(ED16,$P$7:$U$396,5) -> 0 | EI16: 128 | EJ16: =VLOOKUP(EI16,$P$7:$U$396,5) -> 0 | EN16: 49 | EO16: =VLOOKUP(EN16,$P$7:$U$396,2) -> 2 | EP16: 171 | EQ16: =VLOOKUP(EP16,$P$7:$U$396,2) -> 2 | ER16: =IF(EO16<>EQ16,1,0) -> 0 | ET16: 31 | EU16: =VLOOKUP(ET16,$P$7:$U$396,2) -> 2 | EZ16: 132 | FA16: =VLOOKUP(EZ16,$P$7:$U$396,2) -> 2 | FC16: =IF(OR(AND(FA16=1,FB16<>"Y"),AND(FA16=2,FB16="Y")),1,0) -> 0 | FD16: 136 | FE16: =VLOOKUP(FD16,$P$7:$U$396,2) -> 2 | FF16: Y | FG16: =IF(OR(AND(FE16=1,FF16<>"Y"),AND(FE16=2,FF16="Y")),1,0) -> 1 | FI16: 313 | FJ16: =VLOOKUP(FI16,$P$7:$U$396,5) -> 0
B17: Items 361-390 | C17: ='Data Entry Sheet'!C17 -> 221222222222222222222222222222 | J17: =B21 -> Line Length Errors: | K17: =C21 -> 0 | M17: =IF(OR($K$16>0,$K$17>0),"E R R O R !","") | P17: 11 | Q17: =IF(ISERROR(VALUE(MID($C$11,$P17,1)))=TRUE,"TEXT",VALUE(MID($C$11,$P17,1))) -> 2 | S17: =IF(Q17=9,0,(IF(R17="Y",Q17-1,2-Q17))) -> 0 | T17: =IF(Q17=1,1,0) -> 0 | U17: =IF(Q17=2,1,0) -> 1 | W17: 269 | X17: =VLOOKUP(W17,$P$7:$S$396,4) -> 0 | Z17: 121 | AA17: =VLOOKUP(Z17,$P$7:$S$396,4) -> 0 | AC17: 104 | AD17: =VLOOKUP(AC17,$P$7:$S$396,4) -> 0 | AF17: 96 | AG17: =VLOOKUP(AF17,$P$7:$S$396,4) -> 1 | AI17: 161 | AJ17: =VLOOKUP(AI17,$P$7:$S$396,4) -> 1 | AR17: 150 | AS17: =VLOOKUP(AR17,$P$7:$S$396,4) -> 1 | AU17: 84 | AV17: =VLOOKUP(AU17,$P$7:$S$396,4) -> 0 | AX17: 266 | AY17: =VLOOKUP(AX17,$P$7:$S$396,4) -> 0 | BA17: 137 | BB17: =VLOOKUP(BA17,$P$7:$S$396,4) -> 1 | BD17: 155 | BE17: =VLOOKUP(BD17,$P$7:$S$396,4) -> 1 | BG17: 131 | BH17: =VLOOKUP(BG17,$P$7:$S$396,4) -> 0 | BJ17: 130 | BK17: =VLOOKUP(BJ17,$P$7:$S$396,4) -> 1 | BM17: 115 | BN17: =VLOOKUP(BM17,$P$7:$S$396,4) -> 0 | BP17: 127 | BQ17: =VLOOKUP(BP17,$P$7:$S$396,4) -> 1 | BS17: 330 | BT17: =VLOOKUP(BS17,$P$7:$S$396,4) -> 0 | BX17: 113 | BY17: =VLOOKUP(BX17,$P$7:$U$396,6) -> 1 | CA17: 204 | CB17: =VLOOKUP(CA17,$P$7:$U$396,5) -> 0 | CC17: 173 | CD17: =VLOOKUP(CC17,$P$7:$U$396,6) -> 1 | CF17: 117 | CG17: =VLOOKUP(CF17,$P$7:$U$396,5) -> 0 | CK17: 338 | CL17: =VLOOKUP(CK17,$P$7:$U$396,5) -> 1 | CP17: 150 | CQ17: =VLOOKUP(CP17,$P$7:$U$396,5) -> 1 | CU17: 357 | CV17: =VLOOKUP(CU17,$P$7:$U$396,5) -> 0 | CZ17: 250 | DA17: =VLOOKUP(CZ17,$P$7:$U$396,5) -> 0 | DE17: 245 | DF17: =VLOOKUP(DE17,$P$7:$U$396,5) -> 0 | DJ17: 143 | DK17: =VLOOKUP(DJ17,$P$7:$U$396,5) -> 0 | DO17: 309 | DP17: =VLOOKUP(DO17,$P$7:$U$396,5) -> 0 | DT17: 187 | DU17: =VLOOKUP(DT17,$P$7:$U$396,5) -> 0 | DY17: 122 | DZ17: =VLOOKUP(DY17,$P$7:$U$396,5) -> 0 | ED17: 295 | EE17: =VLOOKUP(ED17,$P$7:$U$396,5) -> 1 | EI17: 140 | EJ17: =VLOOKUP(EI17,$P$7:$U$396,5) -> 0 | EN17: 143 | EO17: =VLOOKUP(EN17,$P$7:$U$396,2) -> 2 | EP17: 155 | EQ17: =VLOOKUP(EP17,$P$7:$U$396,2) -> 1 | ER17: =IF(EO17<>EQ17,1,0) -> 1 | ET17: 181 | EU17: =VLOOKUP(ET17,$P$7:$U$396,2) -> 1 | EZ17: 151 | FA17: =VLOOKUP(EZ17,$P$7:$U$396,2) -> 2 | FC17: =IF(OR(AND(FA17=1,FB17<>"Y"),AND(FA17=2,FB17="Y")),1,0) -> 0 | FD17: 141 | FE17: =VLOOKUP(FD17,$P$7:$U$396,2) -> 2 | FG17: =IF(OR(AND(FE17=1,FF17<>"Y"),AND(FE17=2,FF17="Y")),1,0) -> 0 | FI17: 315 | FJ17: =VLOOKUP(FI17,$P$7:$U$396,5) -> 0
F18: T&T Scales | J18: =B22 -> Missing Values: | K18: =C22 -> 0 | P18: 12 | Q18: =IF(ISERROR(VALUE(MID($C$11,$P18,1)))=TRUE,"TEXT",VALUE(MID($C$11,$P18,1))) -> 2 | S18: =IF(Q18=9,0,(IF(R18="Y",Q18-1,2-Q18))) -> 0 | T18: =IF(Q18=1,1,0) -> 0 | U18: =IF(Q18=2,1,0) -> 1 | W18: 273 | X18: =VLOOKUP(W18,$P$7:$S$396,4) -> 0 | Z18: 133 | AA18: =VLOOKUP(Z18,$P$7:$S$396,4) -> 0 | AC18: 105 | AD18: =VLOOKUP(AC18,$P$7:$S$396,4) -> 0 | AF18: 109 | AG18: =VLOOKUP(AF18,$P$7:$S$396,4) -> 1 | AI18: 172 | AJ18: =VLOOKUP(AI18,$P$7:$S$396,4) -> 0 | AR18: 162 | AS18: =VLOOKUP(AR18,$P$7:$S$396,4) -> 0 | AU18: 95 | AV18: =VLOOKUP(AU18,$P$7:$S$396,4) -> 0 | AX18: 270 | AY18: =VLOOKUP(AX18,$P$7:$S$396,4) -> 0 | BA18: 145 | BB18: =VLOOKUP(BA18,$P$7:$S$396,4) -> 1 | BD18: 167 | BE18: =VLOOKUP(BD18,$P$7:$S$396,4) -> 1 | BG18: 140 | BH18: =VLOOKUP(BG18,$P$7:$S$396,4) -> 0 | BJ18: 138 | BK18: =VLOOKUP(BJ18,$P$7:$S$396,4) -> 1 | BM18: 124 | BN18: =VLOOKUP(BM18,$P$7:$S$396,4) -> 1 | BP18: 168 | BQ18: =VLOOKUP(BP18,$P$7:$S$396,4) -> 1 | BS18: 347 | BT18: =VLOOKUP(BS18,$P$7:$S$396,4) -> 1 | BX18: 131 | BY18: =VLOOKUP(BX18,$P$7:$U$396,6) -> 0 | CA18: 208 | CB18: =VLOOKUP(CA18,$P$7:$U$396,5) -> 0 | CC18: 200 | CD18: =VLOOKUP(CC18,$P$7:$U$396,6) -> 0 | CF18: 118 | CG18: =VLOOKUP(CF18,$P$7:$U$396,5) -> 0 | CK18: 345 | CL18: =VLOOKUP(CK18,$P$7:$U$396,5) -> 0 | CP18: 163 | CQ18: =VLOOKUP(CP18,$P$7:$U$396,5) -> 0 | CU18: 380 | CV18: =VLOOKUP(CU18,$P$7:$U$396,5) -> 0 | CZ18: 259 | DA18: =VLOOKUP(CZ18,$P$7:$U$396,5) -> 0 | DE18: 293 | DF18: =VLOOKUP(DE18,$P$7:$U$396,5) -> 0 | DJ18: 149 | DK18: =VLOOKUP(DJ18,$P$7:$U$396,5) -> 1 | DO18: 321 | DP18: =VLOOKUP(DO18,$P$7:$U$396,5) -> 0 | DT18: 192 | DU18: =VLOOKUP(DT18,$P$7:$U$396,5) -> 0 | DY18: 163 | DZ18: =VLOOKUP(DY18,$P$7:$U$396,5) -> 0 | ED18: 346 | EE18: =VLOOKUP(ED18,$P$7:$U$396,5) -> 0 | EI18: 150 | EJ18: =VLOOKUP(EI18,$P$7:$U$396,5) -> 1 | EN18: 9 | EO18: =VLOOKUP(EN18,$P$7:$U$396,2) -> 2 | EP18: 196 | EQ18: =VLOOKUP(EP18,$P$7:$U$396,2) -> 2 | ER18: =IF(EO18<>EQ18,1,0) -> 0 | ET18: 212 | EU18: =VLOOKUP(ET18,$P$7:$U$396,2) -> 2 | EZ18: 153 | FA18: =VLOOKUP(EZ18,$P$7:$U$396,2) -> 1 | FB18: Y | FC18: =IF(OR(AND(FA18=1,FB18<>"Y"),AND(FA18=2,FB18="Y")),1,0) -> 0 | FD18: 167 | FE18: =VLOOKUP(FD18,$P$7:$U$396,2) -> 1 | FG18: =IF(OR(AND(FE18=1,FF18<>"Y"),AND(FE18=2,FF18="Y")),1,0) -> 1 | FI18: 361 | FJ18: =VLOOKUP(FI18,$P$7:$U$396,5) -> 0
B19: Error Flags | F19: Negative Temperament | G19: =X37 -> 3 | H19: =X38 -> 40 | P19: 13 | Q19: =IF(ISERROR(VALUE(MID($C$11,$P19,1)))=TRUE,"TEXT",VALUE(MID($C$11,$P19,1))) -> 2 | S19: =IF(Q19=9,0,(IF(R19="Y",Q19-1,2-Q19))) -> 0 | T19: =IF(Q19=1,1,0) -> 0 | U19: =IF(Q19=2,1,0) -> 1 | W19: 274 | X19: =VLOOKUP(W19,$P$7:$S$396,4) -> 0 | Z19: 144 | AA19: =VLOOKUP(Z19,$P$7:$S$396,4) -> 0 | AC19: 119 | AD19: =VLOOKUP(AC19,$P$7:$S$396,4) -> 0 | AF19: 122 | AG19: =VLOOKUP(AF19,$P$7:$S$396,4) -> 0 | AI19: 174 | AJ19: =VLOOKUP(AI19,$P$7:$S$396,4) -> 1 | AR19: 178 | AS19: =VLOOKUP(AR19,$P$7:$S$396,4) -> 1 | AU19: 100 | AV19: =VLOOKUP(AU19,$P$7:$S$396,4) -> 0 | AX19: 276 | AY19: =VLOOKUP(AX19,$P$7:$S$396,4) -> 0 | BA19: 169 | BB19: =VLOOKUP(BA19,$P$7:$S$396,4) -> 0 | BD19: 171 | BE19: =VLOOKUP(BD19,$P$7:$S$396,4) -> 0 | BG19: 158 | BH19: =VLOOKUP(BG19,$P$7:$S$396,4) -> 1 | BJ19: 146 | BK19: =VLOOKUP(BJ19,$P$7:$S$396,4) -> 0 | BM19: 135 | BN19: =VLOOKUP(BM19,$P$7:$S$396,4) -> 1 | BP19: 180 | BQ19: =VLOOKUP(BP19,$P$7:$S$396,4) -> 1 | BS19: 359 | BT19: =VLOOKUP(BS19,$P$7:$S$396,4) -> 0 | BX19: 200 | BY19: =VLOOKUP(BX19,$P$7:$U$396,6) -> 0 | CA19: 220 | CB19: =VLOOKUP(CA19,$P$7:$U$396,5) -> 0 | CC19: 251 | CD19: =VLOOKUP(CC19,$P$7:$U$396,6) -> 0 | CF19: 129 | CG19: =VLOOKUP(CF19,$P$7:$U$396,5) -> 0 | CK19: 354 | CL19: =VLOOKUP(CK19,$P$7:$U$396,5) -> 0 | CP19: 165 | CQ19: =VLOOKUP(CP19,$P$7:$U$396,5) -> 1 | CU19: 386 | CV19: =VLOOKUP(CU19,$P$7:$U$396,5) -> 0 | CZ19: 281 | DA19: =VLOOKUP(CZ19,$P$7:$U$396,5) -> 0 | DE19: 301 | DF19: =VLOOKUP(DE19,$P$7:$U$396,5) -> 0 | DJ19: 155 | DK19: =VLOOKUP(DJ19,$P$7:$U$396,5) -> 1 | DO19: 333 | DP19: =VLOOKUP(DO19,$P$7:$U$396,5) -> 0 | DT19: 202 | DU19: =VLOOKUP(DT19,$P$7:$U$396,5) -> 1 | DY19: 176 | DZ19: =VLOOKUP(DY19,$P$7:$U$396,5) -> 0 | ED19: 368 | EE19: =VLOOKUP(ED19,$P$7:$U$396,5) -> 0 | EI19: 162 | EJ19: =VLOOKUP(EI19,$P$7:$U$396,5) -> 0 | EN19: 52 | EO19: =VLOOKUP(EN19,$P$7:$U$396,2) -> 2 | EP19: 62 | EQ19: =VLOOKUP(EP19,$P$7:$U$396,2) -> 1 | ER19: =IF(EO19<>EQ19,1,0) -> 1 | ET19: 225 | EU19: =VLOOKUP(ET19,$P$7:$U$396,2) -> 2 | EZ19: 155 | FA19: =VLOOKUP(EZ19,$P$7:$U$396,2) -> 1 | FC19: =IF(OR(AND(FA19=1,FB19<>"Y"),AND(FA19=2,FB19="Y")),1,0) -> 1 | FD19: 171 | FE19: =VLOOKUP(FD19,$P$7:$U$396,2) -> 2 | FG19: =IF(OR(AND(FE19=1,FF19<>"Y"),AND(FE19=2,FF19="Y")),1,0) -> 0 | FI19: 370 | FJ19: =VLOOKUP(FI19,$P$7:$U$396,5) -> 0
B20: Wrong Characters: | C20: =COUNTIF(Q7:Q396,"<1")+COUNTIF(Q7:Q396,">2")-COUNTIF(Q7:Q396,9)+COUNTIF(Q7:Q396,"TEXT") -> 0 | F20: Mistrust | G20: =AA37 -> 4 | H20: =AA38 -> 49 | K20: Scores | M20: No. of | N20: Meet | P20: 14 | Q20: =IF(ISERROR(VALUE(MID($C$11,$P20,1)))=TRUE,"TEXT",VALUE(MID($C$11,$P20,1))) -> 2 | S20: =IF(Q20=9,0,(IF(R20="Y",Q20-1,2-Q20))) -> 0 | T20: =IF(Q20=1,1,0) -> 0 | U20: =IF(Q20=2,1,0) -> 1 | W20: 277 | X20: =VLOOKUP(W20,$P$7:$S$396,4) -> 0 | Z20: 147 | AA20: =VLOOKUP(Z20,$P$7:$S$396,4) -> 1 | AC20: 129 | AD20: =VLOOKUP(AC20,$P$7:$S$396,4) -> 0 | AF20: 141 | AG20: =VLOOKUP(AF20,$P$7:$S$396,4) -> 0 | AI20: 190 | AJ20: =VLOOKUP(AI20,$P$7:$S$396,4) -> 0 | AR20: 199 | AS20: =VLOOKUP(AR20,$P$7:$S$396,4) -> 0 | AU20: 112 | AV20: =VLOOKUP(AU20,$P$7:$S$396,4) -> 1 | AX20: 279 | AY20: =VLOOKUP(AX20,$P$7:$S$396,4) -> 0 | BA20: 183 | BB20: =VLOOKUP(BA20,$P$7:$S$396,4) -> 0 | BD20: 179 | BE20: =VLOOKUP(BD20,$P$7:$S$396,4) -> 1 | BG20: 170 | BH20: =VLOOKUP(BG20,$P$7:$S$396,4) -> 1 | BJ20: 154 | BK20: =VLOOKUP(BJ20,$P$7:$S$396,4) -> 1 | BM20: 151 | BN20: =VLOOKUP(BM20,$P$7:$S$396,4) -> 0 | BP20: 187 | BQ20: =VLOOKUP(BP20,$P$7:$S$396,4) -> 0 | CA20: 232 | CB20: =VLOOKUP(CA20,$P$7:$U$396,5) -> 0 | CC20: 254 | CD20: =VLOOKUP(CC20,$P$7:$U$396,6) -> 0 | CF20: 152 | CG20: =VLOOKUP(CF20,$P$7:$U$396,5) -> 1 | CK20: 364 | CL20: =VLOOKUP(CK20,$P$7:$U$396,5) -> 0 | CP20: 174 | CQ20: =VLOOKUP(CP20,$P$7:$U$396,5) -> 1 | CU20: 389 | CV20: =VLOOKUP(CU20,$P$7:$U$396,5) -> 0 | CZ20: 288 | DA20: =VLOOKUP(CZ20,$P$7:$U$396,5) -> 0 | DE20: 333 | DF20: =VLOOKUP(DE20,$P$7:$U$396,5) -> 0 | DJ20: 167 | DK20: =VLOOKUP(DJ20,$P$7:$U$396,5) -> 1 | DO20: 351 | DP20: =VLOOKUP(DO20,$P$7:$U$396,5) -> 0 | DT20: 234 | DU20: =VLOOKUP(DT20,$P$7:$U$396,5) -> 0 | DY20: 188 | DZ20: =VLOOKUP(DY20,$P$7:$U$396,5) -> 0 | ED20: 381 | EE20: =VLOOKUP(ED20,$P$7:$U$396,5) -> 0 | EI20: 163 | EJ20: =VLOOKUP(EI20,$P$7:$U$396,5) -> 0 | EN20: 136 | EO20: =VLOOKUP(EN20,$P$7:$U$396,2) -> 2 | EP20: 156 | EQ20: =VLOOKUP(EP20,$P$7:$U$396,2) -> 1 | ER20: =IF(EO20<>EQ20,1,0) -> 1 | ET20: 141 | EU20: =VLOOKUP(ET20,$P$7:$U$396,2) -> 2 | EZ20: 156 | FA20: =VLOOKUP(EZ20,$P$7:$U$396,2) -> 1 | FB20: Y | FC20: =IF(OR(AND(FA20=1,FB20<>"Y"),AND(FA20=2,FB20="Y")),1,0) -> 0 | FD20: 184 | FE20: =VLOOKUP(FD20,$P$7:$U$396,2) -> 1 | FG20: =IF(OR(AND(FE20=1,FF20<>"Y"),AND(FE20=2,FF20="Y")),1,0) -> 1 | FI20: 376 | FJ20: =VLOOKUP(FI20,$P$7:$U$396,5) -> 0
B21: Line Length Errors: | C21: =IF(LEN(C11)<>60,1,0)+IF(LEN(C12)<>60,1,0)+IF(LEN(C13)<>60,1,0)+IF(LEN(C14)<>60,1,0)+IF(LEN(C15)<>60,1,0)+IF(LEN(C16)<>60,1,0)+IF(LEN(C17)<>30,1,0) -> 0 | F21: Manipulativeness | G21: =AD37 -> 3 | H21: =AD38 -> 47 | K21: Raw | L21: T | M21: Criteria | N21: Dx? | P21: 15 | Q21: =IF(ISERROR(VALUE(MID($C$11,$P21,1)))=TRUE,"TEXT",VALUE(MID($C$11,$P21,1))) -> 2 | S21: =IF(Q21=9,0,(IF(R21="Y",Q21-1,2-Q21))) -> 0 | T21: =IF(Q21=1,1,0) -> 0 | U21: =IF(Q21=2,1,0) -> 1 | W21: 281 | X21: =VLOOKUP(W21,$P$7:$S$396,4) -> 0 | Z21: 163 | AA21: =VLOOKUP(Z21,$P$7:$S$396,4) -> 0 | AC21: 149 | AD21: =VLOOKUP(AC21,$P$7:$S$396,4) -> 1 | AF21: 148 | AG21: =VLOOKUP(AF21,$P$7:$S$396,4) -> 0 | AI21: 193 | AJ21: =VLOOKUP(AI21,$P$7:$S$396,4) -> 0 | AR21: 213 | AS21: =VLOOKUP(AR21,$P$7:$S$396,4) -> 0 | AU21: 123 | AV21: =VLOOKUP(AU21,$P$7:$S$396,4) -> 0 | AX21: 283 | AY21: =VLOOKUP(AX21,$P$7:$S$396,4) -> 0 | BA21: 195 | BB21: =VLOOKUP(BA21,$P$7:$S$396,4) -> 0 | BD21: 203 | BE21: =VLOOKUP(BD21,$P$7:$S$396,4) -> 0 | BG21: 177 | BH21: =VLOOKUP(BG21,$P$7:$S$396,4) -> 1 | BJ21: 173 | BK21: =VLOOKUP(BJ21,$P$7:$S$396,4) -> 1 | BM21: 160 | BN21: =VLOOKUP(BM21,$P$7:$S$396,4) -> 0 | BP21: 192 | BQ21: =VLOOKUP(BP21,$P$7:$S$396,4) -> 0 | CA21: 247 | CB21: =VLOOKUP(CA21,$P$7:$U$396,5) -> 0 | CC21: 307 | CD21: =VLOOKUP(CC21,$P$7:$U$396,6) -> 1 | CF21: 191 | CG21: =VLOOKUP(CF21,$P$7:$U$396,5) -> 1 | CK21: 373 | CL21: =VLOOKUP(CK21,$P$7:$U$396,5) -> 0 | CP21: 178 | CQ21: =VLOOKUP(CP21,$P$7:$U$396,5) -> 1 | CU21: 390 | CV21: =VLOOKUP(CU21,$P$7:$U$396,5) -> 0 | CZ21: 311 | DA21: =VLOOKUP(CZ21,$P$7:$U$396,5) -> 0 | DE21: 336 | DF21: =VLOOKUP(DE21,$P$7:$U$396,5) -> 0 | DJ21: 171 | DK21: =VLOOKUP(DJ21,$P$7:$U$396,5) -> 0 | DO21: 358 | DP21: =VLOOKUP(DO21,$P$7:$U$396,5) -> 0 | DT21: 302 | DU21: =VLOOKUP(DT21,$P$7:$U$396,5) -> 0 | DY21: 205 | DZ21: =VLOOKUP(DY21,$P$7:$U$396,5) -> 0 | EI21: 178 | EJ21: =VLOOKUP(EI21,$P$7:$U$396,5) -> 1 | EN21: 89 | EO21: =VLOOKUP(EN21,$P$7:$U$396,2) -> 1 | EP21: 173 | EQ21: =VLOOKUP(EP21,$P$7:$U$396,2) -> 2 | ER21: =IF(EO21<>EQ21,1,0) -> 1 | ET21: 153 | EU21: =VLOOKUP(ET21,$P$7:$U$396,2) -> 1 | EZ21: 176 | FA21: =VLOOKUP(EZ21,$P$7:$U$396,2) -> 2 | FC21: =IF(OR(AND(FA21=1,FB21<>"Y"),AND(FA21=2,FB21="Y")),1,0) -> 0 | FD21: 190 | FE21: =VLOOKUP(FD21,$P$7:$U$396,2) -> 2 | FG21: =IF(OR(AND(FE21=1,FF21<>"Y"),AND(FE21=2,FF21="Y")),1,0) -> 0 | FI21: 381 | FJ21: =VLOOKUP(FI21,$P$7:$U$396,5) -> 0
B22: Missing Values: | C22: =COUNTIF(Q7:Q396,9) -> 0 | F22: Aggression | G22: =AG37 -> 6 | H22: =AG38 -> 58 | J22: Diagnostic Scales | P22: 16 | Q22: =IF(ISERROR(VALUE(MID($C$11,$P22,1)))=TRUE,"TEXT",VALUE(MID($C$11,$P22,1))) -> 2 | R22: Y | S22: =IF(Q22=9,0,(IF(R22="Y",Q22-1,2-Q22))) -> 1 | T22: =IF(Q22=1,1,0) -> 0 | U22: =IF(Q22=2,1,0) -> 1 | W22: 288 | X22: =VLOOKUP(W22,$P$7:$S$396,4) -> 0 | Z22: 176 | AA22: =VLOOKUP(Z22,$P$7:$S$396,4) -> 0 | AC22: 159 | AD22: =VLOOKUP(AC22,$P$7:$S$396,4) -> 0 | AF22: 153 | AG22: =VLOOKUP(AF22,$P$7:$S$396,4) -> 0 | AI22: 206 | AJ22: =VLOOKUP(AI22,$P$7:$S$396,4) -> 0 | AR22: 221 | AS22: =VLOOKUP(AR22,$P$7:$S$396,4) -> 0 | AU22: 136 | AV22: =VLOOKUP(AU22,$P$7:$S$396,4) -> 1 | AX22: 284 | AY22: =VLOOKUP(AX22,$P$7:$S$396,4) -> 0 | BA22: 217 | BB22: =VLOOKUP(BA22,$P$7:$S$396,4) -> 0 | BD22: 215 | BE22: =VLOOKUP(BD22,$P$7:$S$396,4) -> 1 | BG22: 182 | BH22: =VLOOKUP(BG22,$P$7:$S$396,4) -> 0 | BJ22: 185 | BK22: =VLOOKUP(BJ22,$P$7:$S$396,4) -> 1 | BM22: 184 | BN22: =VLOOKUP(BM22,$P$7:$S$396,4) -> 1 | BP22: 211 | BQ22: =VLOOKUP(BP22,$P$7:$S$396,4) -> 0 | CA22: 261 | CB22: =VLOOKUP(CA22,$P$7:$U$396,5) -> 0 | CF22: 198 | CG22: =VLOOKUP(CF22,$P$7:$U$396,5) -> 1 | CK22: 376 | CL22: =VLOOKUP(CK22,$P$7:$U$396,5) -> 0 | CP22: 194 | CQ22: =VLOOKUP(CP22,$P$7:$U$396,5) -> 0 | CZ22: 316 | DA22: =VLOOKUP(CZ22,$P$7:$U$396,5) -> 0 | DE22: 348 | DF22: =VLOOKUP(DE22,$P$7:$U$396,5) -> 0 | DJ22: 235 | DK22: =VLOOKUP(DJ22,$P$7:$U$396,5) -> 0 | DO22: 371 | DP22: =VLOOKUP(DO22,$P$7:$U$396,5) -> 0 | DT22: 310 | DU22: =VLOOKUP(DT22,$P$7:$U$396,5) -> 0 | DY22: 207 | DZ22: =VLOOKUP(DY22,$P$7:$U$396,5) -> 0 | EI22: 213 | EJ22: =VLOOKUP(EI22,$P$7:$U$396,5) -> 0 | EN22: 98 | EO22: =VLOOKUP(EN22,$P$7:$U$396,2) -> 2 | EP22: 193 | EQ22: =VLOOKUP(EP22,$P$7:$U$396,2) -> 2 | ER22: =IF(EO22<>EQ22,1,0) -> 0 | ET22: 98 | EU22: =VLOOKUP(ET22,$P$7:$U$396,2) -> 2 | EZ22: 181 | FA22: =VLOOKUP(EZ22,$P$7:$U$396,2) -> 1 | FB22: Y | FC22: =IF(OR(AND(FA22=1,FB22<>"Y"),AND(FA22=2,FB22="Y")),1,0) -> 0 | FD22: 203 | FE22: =VLOOKUP(FD22,$P$7:$U$396,2) -> 2 | FG22: =IF(OR(AND(FE22=1,FF22<>"Y"),AND(FE22=2,FF22="Y")),1,0) -> 0 | FI22: 386 | FJ22: =VLOOKUP(FI22,$P$7:$U$396,5) -> 0
F23: Self-harm | G23: =AJ37 -> 6 | H23: =AJ38 -> 66 | J23: Paranoid | K23: =EA38 -> 4 | L23: =EA39 -> 46 | M23: =EA40 -> 0 | N23: =EA41 -> N | P23: 17 | Q23: =IF(ISERROR(VALUE(MID($C$11,$P23,1)))=TRUE,"TEXT",VALUE(MID($C$11,$P23,1))) -> 2 | R23: Y | S23: =IF(Q23=9,0,(IF(R23="Y",Q23-1,2-Q23))) -> 1 | T23: =IF(Q23=1,1,0) -> 0 | U23: =IF(Q23=2,1,0) -> 1 | W23: 290 | X23: =VLOOKUP(W23,$P$7:$S$396,4) -> 0 | Z23: 188 | AA23: =VLOOKUP(Z23,$P$7:$S$396,4) -> 0 | AC23: 166 | AD23: =VLOOKUP(AC23,$P$7:$S$396,4) -> 0 | AF23: 165 | AG23: =VLOOKUP(AF23,$P$7:$S$396,4) -> 1 | AI23: 237 | AJ23: =VLOOKUP(AI23,$P$7:$S$396,4) -> 1 | AU23: 156 | AV23: =VLOOKUP(AU23,$P$7:$S$396,4) -> 0 | AX23: 291 | AY23: =VLOOKUP(AX23,$P$7:$S$396,4) -> 0 | BA23: 223 | BB23: =VLOOKUP(BA23,$P$7:$S$396,4) -> 0 | BD23: 226 | BE23: =VLOOKUP(BD23,$P$7:$S$396,4) -> 1 | BG23: 196 | BH23: =VLOOKUP(BG23,$P$7:$S$396,4) -> 0 | BJ23: 189 | BK23: =VLOOKUP(BJ23,$P$7:$S$396,4) -> 0 | BM23: 201 | BN23: =VLOOKUP(BM23,$P$7:$S$396,4) -> 1 | BP23: 214 | BQ23: =VLOOKUP(BP23,$P$7:$S$396,4) -> 0 | CA23: 268 | CB23: =VLOOKUP(CA23,$P$7:$U$396,5) -> 0 | CF23: 209 | CG23: =VLOOKUP(CF23,$P$7:$U$396,5) -> 0 | CK23: 385 | CL23: =VLOOKUP(CK23,$P$7:$U$396,5) -> 0 | CP23: 204 | CQ23: =VLOOKUP(CP23,$P$7:$U$396,5) -> 0 | CZ23: 320 | DA23: =VLOOKUP(CZ23,$P$7:$U$396,5) -> 0 | DE23: 363 | DF23: =VLOOKUP(DE23,$P$7:$U$396,5) -> 1 | DJ23: 266 | DK23: =VLOOKUP(DJ23,$P$7:$U$396,5) -> 0 | DO23: 372 | DP23: =VLOOKUP(DO23,$P$7:$U$396,5) -> 0 | DT23: 352 | DU23: =VLOOKUP(DT23,$P$7:$U$396,5) -> 0 | DY23: 224 | DZ23: =VLOOKUP(DY23,$P$7:$U$396,5) -> 0 | EI23: 233 | EJ23: =VLOOKUP(EI23,$P$7:$U$396,5) -> 0 | EN23: 35 | EO23: =VLOOKUP(EN23,$P$7:$U$396,2) -> 2 | EP23: 140 | EQ23: =VLOOKUP(EP23,$P$7:$U$396,2) -> 2 | ER23: =IF(EO23<>EQ23,1,0) -> 0 | ET23: 161 | EU23: =VLOOKUP(ET23,$P$7:$U$396,2) -> 2 | EZ23: 206 | FA23: =VLOOKUP(EZ23,$P$7:$U$396,2) -> 1 | FB23: Y | FC23: =IF(OR(AND(FA23=1,FB23<>"Y"),AND(FA23=2,FB23="Y")),1,0) -> 0 | FD23: 205 | FE23: =VLOOKUP(FD23,$P$7:$U$396,2) -> 2 | FG23: =IF(OR(AND(FE23=1,FF23<>"Y"),AND(FE23=2,FF23="Y")),1,0) -> 0 | FI23: 387 | FJ23: =VLOOKUP(FI23,$P$7:$U$396,5) -> 0
C24: =IF(OR($K$16>0,$K$17>0),"D A T A E N T R Y","") | F24: Low Self-esteem | G24: =AM37 -> 3 | H24: =AM38 -> 65 | J24: Schizoid | K24: =EF38 -> 7 | L24: =EF39 -> 55 | M24: =EF40 -> 0 | N24: =EF41 -> N | P24: 18 | Q24: =IF(ISERROR(VALUE(MID($C$11,$P24,1)))=TRUE,"TEXT",VALUE(MID($C$11,$P24,1))) -> 1 | S24: =IF(Q24=9,0,(IF(R24="Y",Q24-1,2-Q24))) -> 1 | T24: =IF(Q24=1,1,0) -> 1 | U24: =IF(Q24=2,1,0) -> 0 | W24: 294 | X24: =VLOOKUP(W24,$P$7:$S$396,4) -> 0 | Z24: 205 | AA24: =VLOOKUP(Z24,$P$7:$S$396,4) -> 0 | AC24: 186 | AD24: =VLOOKUP(AC24,$P$7:$S$396,4) -> 1 | AF24: 181 | AG24: =VLOOKUP(AF24,$P$7:$S$396,4) -> 0 | AU24: 197 | AV24: =VLOOKUP(AU24,$P$7:$S$396,4) -> 0 | AX24: 297 | AY24: =VLOOKUP(AX24,$P$7:$S$396,4) -> 0 | BG24: 207 | BH24: =VLOOKUP(BG24,$P$7:$S$396,4) -> 0 | BJ24: 198 | BK24: =VLOOKUP(BJ24,$P$7:$S$396,4) -> 1 | BM24: 202 | BN24: =VLOOKUP(BM24,$P$7:$S$396,4) -> 1 | BP24: 227 | BQ24: =VLOOKUP(BP24,$P$7:$S$396,4) -> 1 | CA24: 272 | CB24: =VLOOKUP(CA24,$P$7:$U$396,5) -> 0 | CF24: 228 | CG24: =VLOOKUP(CF24,$P$7:$U$396,5) -> 0 | CK24: 388 | CL24: =VLOOKUP(CK24,$P$7:$U$396,5) -> 0 | CP24: 205 | CQ24: =VLOOKUP(CP24,$P$7:$U$396,5) -> 0 | CZ24: 325 | DA24: =VLOOKUP(CZ24,$P$7:$U$396,5) -> 0 | DE24: 374 | DF24: =VLOOKUP(DE24,$P$7:$U$396,5) -> 0 | DJ24: 321 | DK24: =VLOOKUP(DJ24,$P$7:$U$396,5) -> 0 | DO24: 375 | DP24: =VLOOKUP(DO24,$P$7:$U$396,5) -> 0 | DT24: 356 | DU24: =VLOOKUP(DT24,$P$7:$U$396,5) -> 0 | DY24: 275 | DZ24: =VLOOKUP(DY24,$P$7:$U$396,5) -> 0 | EI24: 285 | EJ24: =VLOOKUP(EI24,$P$7:$U$396,5) -> 0 | EN24: 54 | EO24: =VLOOKUP(EN24,$P$7:$U$396,2) -> 2 | EP24: 116 | EQ24: =VLOOKUP(EP24,$P$7:$U$396,2) -> 2 | ER24: =IF(EO24<>EQ24,1,0) -> 0 | ET24: 190 | EU24: =VLOOKUP(ET24,$P$7:$U$396,2) -> 2 | EZ24: 225 | FA24: =VLOOKUP(EZ24,$P$7:$U$396,2) -> 2 | FB24: Y | FC24: =IF(OR(AND(FA24=1,FB24<>"Y"),AND(FA24=2,FB24="Y")),1,0) -> 1 | FD24: 212 | FE24: =VLOOKUP(FD24,$P$7:$U$396,2) -> 2 | FG24: =IF(OR(AND(FE24=1,FF24<>"Y"),AND(FE24=2,FF24="Y")),1,0) -> 0 | FI24: 390 | FJ24: =VLOOKUP(FI24,$P$7:$U$396,5) -> 0
C25: =IF(OR($K$16>0,$K$17>0),"E R R O R !","") | F25: Suicide Proneness | G25: =AP37 -> 3 | H25: =AP38 -> 63 | J25: Schizotypal | K25: =EK38 -> 5 | L25: =EK39 -> 46 | M25: =EK40 -> 0 | N25: =EK41 -> N | P25: 19 | Q25: =IF(ISERROR(VALUE(MID($C$11,$P25,1)))=TRUE,"TEXT",VALUE(MID($C$11,$P25,1))) -> 2 | R25: Y | S25: =IF(Q25=9,0,(IF(R25="Y",Q25-1,2-Q25))) -> 1 | T25: =IF(Q25=1,1,0) -> 0 | U25: =IF(Q25=2,1,0) -> 1 | W25: 298 | X25: =VLOOKUP(W25,$P$7:$S$396,4) -> 1 | Z25: 216 | AA25: =VLOOKUP(Z25,$P$7:$S$396,4) -> 0 | AC25: 200 | AD25: =VLOOKUP(AC25,$P$7:$S$396,4) -> 0 | AF25: 194 | AG25: =VLOOKUP(AF25,$P$7:$S$396,4) -> 0 | AU25: 230 | AV25: =VLOOKUP(AU25,$P$7:$S$396,4) -> 0 | AX25: 300 | AY25: =VLOOKUP(AX25,$P$7:$S$396,4) -> 1 | BG25: 218 | BH25: =VLOOKUP(BG25,$P$7:$S$396,4) -> 1 | BJ25: 228 | BK25: =VLOOKUP(BJ25,$P$7:$S$396,4) -> 0 | BM25: 210 | BN25: =VLOOKUP(BM25,$P$7:$S$396,4) -> 0 | BP25: 234 | BQ25: =VLOOKUP(BP25,$P$7:$S$396,4) -> 0 | CA25: 282 | CB25: =VLOOKUP(CA25,$P$7:$U$396,5) -> 0 | CF25: 229 | CG25: =VLOOKUP(CF25,$P$7:$U$396,5) -> 0 | CP25: 232 | CQ25: =VLOOKUP(CP25,$P$7:$U$396,5) -> 0 | CZ25: 358 | DA25: =VLOOKUP(CZ25,$P$7:$U$396,5) -> 0 | DE25: 384 | DF25: =VLOOKUP(DE25,$P$7:$U$396,5) -> 0 | DJ25: 332 | DK25: =VLOOKUP(DJ25,$P$7:$U$396,5) -> 0 | DO25: 378 | DP25: =VLOOKUP(DO25,$P$7:$U$396,5) -> 0 | DT25: 365 | DU25: =VLOOKUP(DT25,$P$7:$U$396,5) -> 0 | DY25: 299 | DZ25: =VLOOKUP(DY25,$P$7:$U$396,5) -> 0 | EI25: 299 | EJ25: =VLOOKUP(EI25,$P$7:$U$396,5) -> 0 | EN25: 111 | EO25: =VLOOKUP(EN25,$P$7:$U$396,2) -> 2 | EP25: 168 | EQ25: =VLOOKUP(EP25,$P$7:$U$396,2) -> 1 | ER25: =IF(EO25<>EQ25,1,0) -> 1 | ET25: 206 | EU25: =VLOOKUP(ET25,$P$7:$U$396,2) -> 1
F26: Eccentric Perceptions | G26: =AS37 -> 2 | H26: =AS38 -> 44 | P26: 20 | Q26: =IF(ISERROR(VALUE(MID($C$11,$P26,1)))=TRUE,"TEXT",VALUE(MID($C$11,$P26,1))) -> 2 | S26: =IF(Q26=9,0,(IF(R26="Y",Q26-1,2-Q26))) -> 0 | T26: =IF(Q26=1,1,0) -> 0 | U26: =IF(Q26=2,1,0) -> 1 | W26: 301 | X26: =VLOOKUP(W26,$P$7:$S$396,4) -> 0 | Z26: 224 | AA26: =VLOOKUP(Z26,$P$7:$S$396,4) -> 0 | AC26: 208 | AD26: =VLOOKUP(AC26,$P$7:$S$396,4) -> 0 | AF26: 212 | AG26: =VLOOKUP(AF26,$P$7:$S$396,4) -> 0 | AX26: 306 | AY26: =VLOOKUP(AX26,$P$7:$S$396,4) -> 1 | BJ26: 236 | BK26: =VLOOKUP(BJ26,$P$7:$S$396,4) -> 1 | BM26: 222 | BN26: =VLOOKUP(BM26,$P$7:$S$396,4) -> 0 | CA26: 318 | CB26: =VLOOKUP(CA26,$P$7:$U$396,5) -> 0 | CF26: 232 | CG26: =VLOOKUP(CF26,$P$7:$U$396,5) -> 0 | CP26: 245 | CQ26: =VLOOKUP(CP26,$P$7:$U$396,5) -> 0 | CZ26: 377 | DA26: =VLOOKUP(CZ26,$P$7:$U$396,5) -> 0 | DJ26: 334 | DK26: =VLOOKUP(DJ26,$P$7:$U$396,5) -> 0 | DO26: 382 | DP26: =VLOOKUP(DO26,$P$7:$U$396,5) -> 0 | DT26: 366 | DU26: =VLOOKUP(DT26,$P$7:$U$396,5) -> 0 | DY26: 335 | DZ26: =VLOOKUP(DY26,$P$7:$U$396,5) -> 0 | EI26: 333 | EJ26: =VLOOKUP(EI26,$P$7:$U$396,5) -> 0 | EN26: 244 | EO26: =VLOOKUP(EN26,$P$7:$U$396,2) -> 2 | EP26: 259 | EQ26: =VLOOKUP(EP26,$P$7:$U$396,2) -> 2 | ER26: =IF(EO26<>EQ26,1,0) -> 0 | ET26: 6 | EU26: =VLOOKUP(ET26,$P$7:$U$396,2) -> 1
F27: Dependency | G27: =AV37 -> 5 | H27: =AV38 -> 53 | J27: Antisocial | K27: =CH35 -> 6 | L27: =CH36 -> 48 | M27: =CH37 -> 0/2 | N27: =CH38 -> N | P27: 21 | Q27: =IF(ISERROR(VALUE(MID($C$11,$P27,1)))=TRUE,"TEXT",VALUE(MID($C$11,$P27,1))) -> 2 | S27: =IF(Q27=9,0,(IF(R27="Y",Q27-1,2-Q27))) -> 0 | T27: =IF(Q27=1,1,0) -> 0 | U27: =IF(Q27=2,1,0) -> 1 | W27: 309 | X27: =VLOOKUP(W27,$P$7:$S$396,4) -> 0 | AC27: 219 | AD27: =VLOOKUP(AC27,$P$7:$S$396,4) -> 0 | AF27: 225 | AG27: =VLOOKUP(AF27,$P$7:$S$396,4) -> 1 | AX27: 308 | AY27: =VLOOKUP(AX27,$P$7:$S$396,4) -> 1 | BM27: 231 | BN27: =VLOOKUP(BM27,$P$7:$S$396,4) -> 0 | CA27: 326 | CB27: =VLOOKUP(CA27,$P$7:$U$396,5) -> 1 | CF27: 243 | CG27: =VLOOKUP(CF27,$P$7:$U$396,5) -> 0 | CP27: 252 | CQ27: =VLOOKUP(CP27,$P$7:$U$396,5) -> 0 | CZ27: 381 | DA27: =VLOOKUP(CZ27,$P$7:$U$396,5) -> 0 | DJ27: 349 | DK27: =VLOOKUP(DJ27,$P$7:$U$396,5) -> 0 | DT27: 367 | DU27: =VLOOKUP(DT27,$P$7:$U$396,5) -> 0 | DY27: 360 | DZ27: =VLOOKUP(DY27,$P$7:$U$396,5) -> 0 | EI27: 342 | EJ27: =VLOOKUP(EI27,$P$7:$U$396,5) -> 1 | EN27: 242 | EO27: =VLOOKUP(EN27,$P$7:$U$396,2) -> 1 | EP27: 270 | EQ27: =VLOOKUP(EP27,$P$7:$U$396,2) -> 2 | ER27: =IF(EO27<>EQ27,1,0) -> 1 | ET27: 69 | EU27: =VLOOKUP(ET27,$P$7:$U$396,2) -> 2
J28: Borderline | K28: =CR38 -> 8 | L28: =CR39 -> 53 | M28: =CR40 -> 0 | N28: =CR41 -> N | P28: 22 | Q28: =IF(ISERROR(VALUE(MID($C$11,$P28,1)))=TRUE,"TEXT",VALUE(MID($C$11,$P28,1))) -> 2 | S28: =IF(Q28=9,0,(IF(R28="Y",Q28-1,2-Q28))) -> 0 | T28: =IF(Q28=1,1,0) -> 0 | U28: =IF(Q28=2,1,0) -> 1 | W28: 311 | X28: =VLOOKUP(W28,$P$7:$S$396,4) -> 0 | AX28: 317 | AY28: =VLOOKUP(AX28,$P$7:$S$396,4) -> 1 | CA28: 329 | CB28: =VLOOKUP(CA28,$P$7:$U$396,5) -> 0 | CF28: 258 | CG28: =VLOOKUP(CF28,$P$7:$U$396,5) -> 0 | CL28: raw score: | CM28: =SUM(CL8:CL27,CN8:CN27) -> 3 | CP28: 269 | CQ28: =VLOOKUP(CP28,$P$7:$U$396,5) -> 0 | DJ28: 371 | DK28: =VLOOKUP(DJ28,$P$7:$U$396,5) -> 0 | EI28: 344 | EJ28: =VLOOKUP(EI28,$P$7:$U$396,5) -> 1 | EN28: 249 | EO28: =VLOOKUP(EN28,$P$7:$U$396,2) -> 1 | EP28: 262 | EQ28: =VLOOKUP(EP28,$P$7:$U$396,2) -> 2 | ER28: =IF(EO28<>EQ28,1,0) -> 1 | ET28: 45 | EU28: =VLOOKUP(ET28,$P$7:$U$396,2) -> 2 | FC28: hi raw | FD28: =SUM(FC8:FC24) -> 4
F29: Positive Temperament | G29: =AY37 -> 13 | H29: =AY38 -> 40 | J29: Histrionic | K29: =DG38 -> 5 | L29: =DG39 -> 41 | M29: =DG40 -> 0 | N29: =DG41 -> N | P29: 23 | Q29: =IF(ISERROR(VALUE(MID($C$11,$P29,1)))=TRUE,"TEXT",VALUE(MID($C$11,$P29,1))) -> 2 | S29: =IF(Q29=9,0,(IF(R29="Y",Q29-1,2-Q29))) -> 0 | T29: =IF(Q29=1,1,0) -> 0 | U29: =IF(Q29=2,1,0) -> 1 | W29: 312 | X29: =VLOOKUP(W29,$P$7:$S$396,4) -> 0 | AX29: 319 | AY29: =VLOOKUP(AX29,$P$7:$S$396,4) -> 1 | CF29: 289 | CG29: =VLOOKUP(CF29,$P$7:$U$396,5) -> 0 | CL29: T score: | CM29: =(((CM28-5.22)/4.03)*10)+50 -> 44 | CP29: 273 | CQ29: =VLOOKUP(CP29,$P$7:$U$396,5) -> 0 | EI29: 384 | EJ29: =VLOOKUP(EI29,$P$7:$U$396,5) -> 0 | EN29: 248 | EO29: =VLOOKUP(EN29,$P$7:$U$396,2) -> 2 | EP29: 269 | EQ29: =VLOOKUP(EP29,$P$7:$U$396,2) -> 2 | ER29: =IF(EO29<>EQ29,1,0) -> 0 | ET29: 183 | EU29: =VLOOKUP(ET29,$P$7:$U$396,2) -> 2 | FC29: lo raw | FD29: =SUM(FG8:FG24) -> 4
F30: Exhibitionism | G30: =BB37 -> 6 | H30: =BB38 -> 48 | J30: Narcissistic | K30: =DL38 -> 6 | L30: =DL39 -> 41 | M30: =DL40 -> 0 | N30: =DL41 -> N | P30: 24 | Q30: =IF(ISERROR(VALUE(MID($C$11,$P30,1)))=TRUE,"TEXT",VALUE(MID($C$11,$P30,1))) -> 2 | R30: Y | S30: =IF(Q30=9,0,(IF(R30="Y",Q30-1,2-Q30))) -> 1 | T30: =IF(Q30=1,1,0) -> 0 | U30: =IF(Q30=2,1,0) -> 1 | W30: 316 | X30: =VLOOKUP(W30,$P$7:$S$396,4) -> 0 | AX30: 324 | AY30: =VLOOKUP(AX30,$P$7:$S$396,4) -> 1 | CF30: 318 | CG30: =VLOOKUP(CF30,$P$7:$U$396,5) -> 0 | CL30: criteria: | CM30: =SUM(CM33:CM39) -> 0 | CP30: 274 | CQ30: =VLOOKUP(CP30,$P$7:$U$396,5) -> 0 | ET30: 57 | EU30: =VLOOKUP(ET30,$P$7:$U$396,2) -> 2 | FC30: DRIN raw | FD30: =FD28+(17-FD29) -> 17
F31: Entitlement | G31: =BE37 -> 5 | H31: =BE38 -> 41 | P31: 25 | Q31: =IF(ISERROR(VALUE(MID($C$11,$P31,1)))=TRUE,"TEXT",VALUE(MID($C$11,$P31,1))) -> 1 | R31: Y | S31: =IF(Q31=9,0,(IF(R31="Y",Q31-1,2-Q31))) -> 0 | T31: =IF(Q31=1,1,0) -> 1 | U31: =IF(Q31=2,1,0) -> 0 | W31: 320 | X31: =VLOOKUP(W31,$P$7:$S$396,4) -> 0 | AX31: 328 | AY31: =VLOOKUP(AX31,$P$7:$S$396,4) -> 1 | CF31: 353 | CG31: =VLOOKUP(CF31,$P$7:$U$396,5) -> 0 | CL31: dx: | CM31: =IF(CM30>=4,"Y","N") -> N | CP31: 315 | CQ31: =VLOOKUP(CP31,$P$7:$U$396,5) -> 0 | ET31: 82 | EU31: =VLOOKUP(ET31,$P$7:$U$396,2) -> 2 | FC31: T score: | FD31: =(((FD30-19)/2)*10)+50 -> 40
F32: Detachment | G32: =BH37 -> 5 | H32: =BH38 -> 49 | J32: Avoidant | K32: =CM28 -> 3 | L32: =CM29 -> 44 | M32: =CM30 -> 0 | N32: =CM31 -> N | P32: 26 | Q32: =IF(ISERROR(VALUE(MID($C$11,$P32,1)))=TRUE,"TEXT",VALUE(MID($C$11,$P32,1))) -> 1 | R32: Y | S32: =IF(Q32=9,0,(IF(R32="Y",Q32-1,2-Q32))) -> 0 | T32: =IF(Q32=1,1,0) -> 1 | U32: =IF(Q32=2,1,0) -> 0 | W32: 323 | X32: =VLOOKUP(W32,$P$7:$S$396,4) -> 1 | AX32: 336 | AY32: =VLOOKUP(AX32,$P$7:$S$396,4) -> 0 | CF32: 361 | CG32: =VLOOKUP(CF32,$P$7:$U$396,5) -> 0 | CP32: 338 | CQ32: =VLOOKUP(CP32,$P$7:$U$396,5) -> 1 | ET32: 49 | EU32: =VLOOKUP(ET32,$P$7:$U$396,2) -> 2
J33: Dependent | K33: =CW38 -> 2 | L33: =CW39 -> 47 | M33: =CW40 -> 0 | N33: =CW41 -> N | P33: 27 | Q33: =IF(ISERROR(VALUE(MID($C$11,$P33,1)))=TRUE,"TEXT",VALUE(MID($C$11,$P33,1))) -> 1 | S33: =IF(Q33=9,0,(IF(R33="Y",Q33-1,2-Q33))) -> 1 | T33: =IF(Q33=1,1,0) -> 1 | U33: =IF(Q33=2,1,0) -> 0 | W33: 325 | X33: =VLOOKUP(W33,$P$7:$S$396,4) -> 0 | AX33: 337 | AY33: =VLOOKUP(AX33,$P$7:$S$396,4) -> 0 | CF33: 387 | CG33: =VLOOKUP(CF33,$P$7:$U$396,5) -> 0 | CL33: C1: | CM33: =IF(SUM(CN8,CN9,CL9,CL18)=4,1,0) -> 0 | CP33: 345 | CQ33: =VLOOKUP(CP33,$P$7:$U$396,5) -> 0 | ET33: 215 | EU33: =VLOOKUP(ET33,$P$7:$U$396,2) -> 2 | FC33: DRINX: | FD33: =IF(FD30>=17,FD30-17,17-FD30) -> 0
F34: Disinhibition | G34: =CC35 -> 10 | H34: =CC36 -> 52 | J34: Obsessive Compulsive | K34: =DV38 -> 8 | L34: =DV39 -> 41 | M34: =DV40 -> 1 | N34: =DV41 -> N | P34: 28 | Q34: =IF(ISERROR(VALUE(MID($C$11,$P34,1)))=TRUE,"TEXT",VALUE(MID($C$11,$P34,1))) -> 2 | S34: =IF(Q34=9,0,(IF(R34="Y",Q34-1,2-Q34))) -> 0 | T34: =IF(Q34=1,1,0) -> 0 | U34: =IF(Q34=2,1,0) -> 1 | W34: 331 | X34: =VLOOKUP(W34,$P$7:$S$396,4) -> 0 | AX34: 341 | AY34: =VLOOKUP(AX34,$P$7:$S$396,4) -> 0 | CL34: C2: | CM34: =IF(SUM(CL12,CL14)=2,1,0) -> 0 | CP34: 362 | CQ34: =VLOOKUP(CP34,$P$7:$U$396,5) -> 0 | ET34: 167 | EU34: =VLOOKUP(ET34,$P$7:$U$396,2) -> 1
F35: Impulsivity | G35: =BK37 -> 9 | H35: =BK38 -> 59 | P35: 29 | Q35: =IF(ISERROR(VALUE(MID($C$11,$P35,1)))=TRUE,"TEXT",VALUE(MID($C$11,$P35,1))) -> 1 | S35: =IF(Q35=9,0,(IF(R35="Y",Q35-1,2-Q35))) -> 1 | T35: =IF(Q35=1,1,0) -> 1 | U35: =IF(Q35=2,1,0) -> 0 | W35: 333 | X35: =VLOOKUP(W35,$P$7:$S$396,4) -> 0 | BW35: raw score: | BX35: =SUM(BW8:BW25,BY8:BY25) -> 7 | CB35: raw score: | CC35: =SUM(CB8:CB30,CD8:CD29) -> 10 | CG35: raw score: | CH35: =SUM(CG8:CG33,CI8:CI33) -> 6 | CL35: C3: | CM35: =IF(SUM(CL22,CL24)=2,1,0) -> 0 | CP35: 379 | CQ35: =VLOOKUP(CP35,$P$7:$U$396,5) -> 0 | ET35: 226 | EU35: =VLOOKUP(ET35,$P$7:$U$396,2) -> 2 | FJ35: raw score: | FK35: =SUM(FJ8:FJ25,FL8:FL25) -> 1
F36: Propriety | G36: =BN37 -> 8 | H36: =BN38 -> 42 | J36: Depressive | K36: =DB38 -> 3 | L36: =DB39 -> 42 | M36: =DB40 -> 0 | N36: =DB41 -> N | P36: 30 | Q36: =IF(ISERROR(VALUE(MID($C$11,$P36,1)))=TRUE,"TEXT",VALUE(MID($C$11,$P36,1))) -> 1 | S36: =IF(Q36=9,0,(IF(R36="Y",Q36-1,2-Q36))) -> 1 | T36: =IF(Q36=1,1,0) -> 1 | U36: =IF(Q36=2,1,0) -> 0 | BW36: T score: | BX36: =(((BX35-2.5)/2.1)*10)+50 -> 71 | CB36: T score: | CC36: =(((CC35-9)/5.8)*10)+50 -> 52 | CG36: T score: | CH36: =(((CH35-7.07)/5.04)*10)+50 -> 48 | CL36: C4: | CM36: =IF(SUM(CL13,CL15,CL17)=3,1,0) -> 0 | CP36: 383 | CQ36: =VLOOKUP(CP36,$P$7:$U$396,5) -> 0 | ET36: 140 | EU36: =VLOOKUP(ET36,$P$7:$U$396,2) -> 2 | FJ36: T score: | FK36: =(((FK35-1.49)/2.05)*10)+50 -> 48
F37: Workaholism | G37: =BQ37 -> 6 | H37: =BQ38 -> 46 | J37: Passive Aggressive | K37: =DQ38 -> 3 | L37: =DQ39 -> 46 | M37: =DQ40 -> 0 | N37: =DQ41 -> N | P37: 31 | Q37: =IF(ISERROR(VALUE(MID($C$11,$P37,1)))=TRUE,"TEXT",VALUE(MID($C$11,$P37,1))) -> 2 | S37: =IF(Q37=9,0,(IF(R37="Y",Q37-1,2-Q37))) -> 0 | T37: =IF(Q37=1,1,0) -> 0 | U37: =IF(Q37=2,1,0) -> 1 | W37: raw score: | X37: =SUM(X8:X35) -> 3 | Z37: raw score: | AA37: =SUM(AA8:AA35) -> 4 | AC37: raw score: | AD37: =SUM(AD8:AD35) -> 3 | AF37: raw score: | AG37: =SUM(AG8:AG35) -> 6 | AI37: raw score: | AJ37: =SUM(AJ8:AJ35) -> 6 | AL37: raw score: | AM37: =SUM(AM8:AM35) -> 3 | AO37: raw score: | AP37: =SUM(AP8:AP35) -> 3 | AR37: raw score: | AS37: =SUM(AS8:AS35) -> 2 | AU37: raw score: | AV37: =SUM(AV8:AV35) -> 5 | AX37: raw score: | AY37: =SUM(AY8:AY35) -> 13 | BA37: raw score: | BB37: =SUM(BB8:BB35) -> 6 | BD37: raw score: | BE37: =SUM(BE8:BE35) -> 5 | BG37: raw score: | BH37: =SUM(BH8:BH35) -> 5 | BJ37: raw score: | BK37: =SUM(BK8:BK35) -> 9 | BM37: raw score: | BN37: =SUM(BN8:BN35) -> 8 | BP37: raw score: | BQ37: =SUM(BQ8:BQ35) -> 6 | BS37: raw score: | BT37: =SUM(BT8:BT35) -> 3 | CG37: criteria: | CH37: =CONCATENATE(CH47,"/",CH60) -> 0/2 | CL37: C5: | CM37: =IF(SUM(CL11,CL16,CL23)=3,1,0) -> 0 | ET37: 218 | EU37: =VLOOKUP(ET37,$P$7:$U$396,2) -> 2
P38: 32 | Q38: =IF(ISERROR(VALUE(MID($C$11,$P38,1)))=TRUE,"TEXT",VALUE(MID($C$11,$P38,1))) -> 2 | S38: =IF(Q38=9,0,(IF(R38="Y",Q38-1,2-Q38))) -> 0 | T38: =IF(Q38=1,1,0) -> 0 | U38: =IF(Q38=2,1,0) -> 1 | W38: T score: | X38: =(((X37-10.4)/7.2)*10)+50 -> 40 | Z38: T score: | AA38: =(((AA37-4.6)/4.1)*10)+50 -> 49 | AC38: T score: | AD38: =(((AD37-4)/3.2)*10)+50 -> 47 | AF38: T score: | AG38: =(((AG37-3.3)/3.5)*10)+50 -> 58 | AI38: T score: | AJ38: =(((AJ37-1.9)/2.6)*10)+50 -> 66 | AL38: T score: | AM38: =(((AM37-0.8)/1.5)*10)+50 -> 65 | AO38: T score: | AP38: =(((AP37-1)/1.5)*10)+50 -> 63 | AR38: T score: | AS38: =(((AS37-3.8)/3.2)*10)+50 -> 44 | AU38: T score: | AV38: =(((AV37-4)/3.1)*10)+50 -> 53 | AX38: T score: | AY38: =(((AY37-18.7)/5.6)*10)+50 -> 40 | BA38: T score: | BB38: =(((BB37-6.7)/3.7)*10)+50 -> 48 | BD38: T score: | BE38: =(((BE37-7.9)/3.4)*10)+50 -> 41 | BG38: T score: | BH38: =(((BH37-5.5)/4.1)*10)+50 -> 49 | BJ38: T score: | BK38: =(((BK37-5.5)/3.9)*10)+50 -> 59 | BM38: T score: | BN38: =(((BN37-11.6)/4.6)*10)+50 -> 42 | BP38: T score: | BQ38: =(((BQ37-7.4)/3.7)*10)+50 -> 46 | BS38: T score: | BT38: =(((BT37-3.1)/2.4)*10)+50 -> 50 | CG38: dx: | CH38: =IF(AND(CI47="Y",CI60="Y"),"Y","N") -> N | CL38: C6: | CM38: =IF(SUM(CL8,CL10,CL21)=3,1,0) -> 0 | CQ38: raw score: | CR38: =SUM(CQ8:CQ36,CS8:CS36) -> 8 | CV38: raw score: | CW38: =SUM(CV8:CV27,CX8:CX27) -> 2 | DA38: raw score: | DB38: =SUM(DA8:DA27,DC8:DC27) -> 3 | DF38: raw score: | DG38: =SUM(DF8:DF27,DH8:DH27) -> 5 | DK38: raw score: | DL38: =SUM(DK8:DK28,DM8:DM27) -> 6 | DP38: raw score: | DQ38: =SUM(DP8:DP27,DR8:DR27) -> 3 | DU38: raw score: | DV38: =SUM(DU8:DU27,DW8:DW27) -> 8 | DZ38: raw score: | EA38: =SUM(DZ8:DZ27,EB8:EB27) -> 4 | EE38: raw score: | EF38: =SUM(EE8:EE27,EG8:EG27) -> 7 | EJ38: raw score: | EK38: =SUM(EJ8:EJ29,EL8:EL29) -> 5 | EP38: raw score: | EQ38: =SUM(ER8:ER37) -> 9 | ET38: 84 | EU38: =VLOOKUP(ET38,$P$7:$U$396,2) -> 1 | EW38: raw score: | EX38: =COUNTIF(EU8:EU47,"=1") -> 11
P39: 33 | Q39: =IF(ISERROR(VALUE(MID($C$11,$P39,1)))=TRUE,"TEXT",VALUE(MID($C$11,$P39,1))) -> 2 | S39: =IF(Q39=9,0,(IF(R39="Y",Q39-1,2-Q39))) -> 0 | T39: =IF(Q39=1,1,0) -> 0 | U39: =IF(Q39=2,1,0) -> 1 | CL39: C7: | CM39: =IF(SUM(CL19,CL20)=2,1,0) -> 0 | CQ39: T score: | CR39: =(((CR38-6.37)/4.84)*10)+50 -> 53 | CV39: T score: | CW39: =(((CW38-2.89)/2.82)*10)+50 -> 47 | DA39: T score: | DB39: =(((DB38-6.85)/4.67)*10)+50 -> 42 | DF39: T score: | DG39: =(((DG38-8.72)/4.09)*10)+50 -> 41 | DK39: T score: | DL39: =(((DL38-9.5)/3.81)*10)+50 -> 41 | DP39: T score: | DQ39: =(((DQ38-4.37)/3.68)*10)+50 -> 46 | DU39: T score: | DV39: =(((DV38-11.48)/3.86)*10)+50 -> 41 | DZ39: T score: | EA39: =(((EA38-5.86)/4.57)*10)+50 -> 46 | EE39: T score: | EF39: =(((EF38-5.17)/3.48)*10)+50 -> 55 | EJ39: T score: | EK39: =(((EK38-6.71)/4.49)*10)+50 -> 46 | EP39: T score: | EQ39: =(((EQ38-5.2)/2.2)*10)+50 -> 67 | ET39: 95 | EU39: =VLOOKUP(ET39,$P$7:$U$396,2) -> 2 | EW39: T score: | EX39: =(((EX38-17.2)/2.6)*10)+50 -> 26
P40: 34 | Q40: =IF(ISERROR(VALUE(MID($C$11,$P40,1)))=TRUE,"TEXT",VALUE(MID($C$11,$P40,1))) -> 2 | S40: =IF(Q40=9,0,(IF(R40="Y",Q40-1,2-Q40))) -> 0 | T40: =IF(Q40=1,1,0) -> 0 | U40: =IF(Q40=2,1,0) -> 1 | CG40: A1: | CH40: =IF(CI10+CG17+CG26=3,1,0) -> 0 | CQ40: criteria: | CR40: =SUM(CR43:CR51) -> 0 | CV40: criteria: | CW40: =SUM(CW43:CW50) -> 0 | DA40: criteria: | DB40: =SUM(DB43:DB49) -> 0 | DF40: criteria: | DG40: =SUM(DG43:DG49) -> 0 | DK40: criteria: | DL40: =SUM(DL43:DL51) -> 0 | DP40: criteria: | DQ40: =SUM(DQ43:DQ49) -> 0 | DU40: criteria: | DV40: =SUM(DV43:DV50) -> 1 | DZ40: criteria: | EA40: =SUM(EA43:EA49) -> 0 | EE40: criteria: | EF40: =SUM(EF43:EF49) -> 0 | EJ40: criteria: | EK40: =SUM(EK43:EK50) -> 0 | ET40: 47 | EU40: =VLOOKUP(ET40,$P$7:$U$396,2) -> 2
P41: 35 | Q41: =IF(ISERROR(VALUE(MID($C$11,$P41,1)))=TRUE,"TEXT",VALUE(MID($C$11,$P41,1))) -> 2 | S41: =IF(Q41=9,0,(IF(R41="Y",Q41-1,2-Q41))) -> 0 | T41: =IF(Q41=1,1,0) -> 0 | U41: =IF(Q41=2,1,0) -> 1 | CG41: A2: | CH41: =IF(CG10+CI11+CI13>=2,1,0) -> 0 | CQ41: dx: | CR41: =IF(CR40>=5,"Y","N") -> N | CV41: dx: | CW41: =IF(CW40>=5,"Y","N") -> N | DA41: dx: | DB41: =IF(DB40>=5,"Y","N") -> N | DF41: dx: | DG41: =IF(DG40>=5,"Y","N") -> N | DK41: dx: | DL41: =IF(DL40>=5,"Y","N") -> N | DP41: dx: | DQ41: =IF(DQ40>=4,"Y","N") -> N | DU41: dx: | DV41: =IF(DV40>=4,"Y","N") -> N | DZ41: dx: | EA41: =IF(EA40>=4,"Y","N") -> N | EE41: dx: | EF41: =IF(EF40>=4,"Y","N") -> N | EJ41: dx: | EK41: =IF(EK40>=5,"Y","N") -> N | ET41: 127 | EU41: =VLOOKUP(ET41,$P$7:$U$396,2) -> 2 | EW41: TRINX: | EX41: =IF(EX38>=20,EX38-20,20-EX38) -> 9
F42: The material below is used to create the profiles. | P42: 36 | Q42: =IF(ISERROR(VALUE(MID($C$11,$P42,1)))=TRUE,"TEXT",VALUE(MID($C$11,$P42,1))) -> 1 | R42: Y | S42: =IF(Q42=9,0,(IF(R42="Y",Q42-1,2-Q42))) -> 0 | T42: =IF(Q42=1,1,0) -> 1 | U42: =IF(Q42=2,1,0) -> 0 | CG42: A3: | CH42: =IF(CI8+CG15+CG22+CG29>=3,1,0) -> 0 | ET42: 19 | EU42: =VLOOKUP(ET42,$P$7:$U$396,2) -> 2
P43: 37 | Q43: =IF(ISERROR(VALUE(MID($C$11,$P43,1)))=TRUE,"TEXT",VALUE(MID($C$11,$P43,1))) -> 1 | R43: Y | S43: =IF(Q43=9,0,(IF(R43="Y",Q43-1,2-Q43))) -> 0 | T43: =IF(Q43=1,1,0) -> 1 | U43: =IF(Q43=2,1,0) -> 0 | CG43: A4: | CH43: =IF(CG11+CG16+CI12+CG24=4,1,0) -> 0 | CQ43: C1: | CR43: =IF(SUM(CQ12,CQ29,CQ33)=3,1,0) -> 0 | CV43: C1: | CW43: =IF(SUM(CX10,CV10,CX13,CV12)>=3,1,0) -> 0 | DA43: C1: | DB43: =IF(SUM(DA26,DA27)=2,1,0) -> 0 | DF43: C1: | DG43: =IF(SUM(DF8,DF9,DH9:DH11)>=4,1,0) -> 0 | DK43: C1: | DL43: =IF(DK12+DK17+DK19=3,1,0) -> 0 | DP43: C1: | DQ43: =IF(DP8+DP12+DP13>=2,1,0) -> 0 | DU43: C1: | DV43: =IF(SUM(DW8,DW11,DU19)=3,1,0) -> 1 | DZ43: C1: | EA43: =IF(SUM(EB10,EB9,DZ13,DZ23)=4,1,0) -> 0 | EE43: C1: | EF43: =IF(SUM(EG8,EE9)=2,1,0) -> 0 | EJ43: C1: | EK43: =IF(SUM(EJ28,EJ9,EJ15)=3,1,0) -> 0 | ET43: 217 | EU43: =VLOOKUP(ET43,$P$7:$U$396,2) -> 2
F44: Scale | H44: T score | P44: 38 | Q44: =IF(ISERROR(VALUE(MID($C$11,$P44,1)))=TRUE,"TEXT",VALUE(MID($C$11,$P44,1))) -> 2 | S44: =IF(Q44=9,0,(IF(R44="Y",Q44-1,2-Q44))) -> 0 | T44: =IF(Q44=1,1,0) -> 0 | U44: =IF(Q44=2,1,0) -> 1 | CG44: A5: | CH44: =IF(CG12+CG14=2,1,0) -> 0 | CQ44: C2: | CR44: =IF(SUM(CQ9,CQ35,CQ36)>=2,1,0) -> 0 | CV44: C2: | CW44: =IF(SUM(CX8,CV8,CX12)>=2,1,0) -> 0 | DA44: C2: | DB44: =IF(SUM(DA8,DA10,DA12,DA13)>=3,1,0) -> 0 | DF44: C2: | DG44: =IF(SUM(DH8,DF12,DF14)>=2,1,0) -> 0 | DK44: C2: | DL44: =IF(DK21+DK25+DK26=3,1,0) -> 0 | DP44: C2: | DQ44: =IF(DP10+DP11+DP23+DP24=4,1,0) -> 0 | DU44: C2: | DV44: =IF(SUM(DU20,DU16,DW12)=3,1,0) -> 0 | DZ44: C2: | EA44: =IF(SUM(DZ8,DZ11,DZ12,DZ14,DZ20)=5,1,0) -> 0 | EE44: C2: | EF44: =IF(SUM(EE10,EG9:EG10)=3,1,0) -> 0 | EJ44: C2: | EK44: =IF(SUM(EJ8,EJ14,EJ18)=3,1,0) -> 0 | ET44: 37 | EU44: =VLOOKUP(ET44,$P$7:$U$396,2) -> 1
F45: VRIN | G45: =H45 -> 67 | H45: =$H$10 -> 67 | P45: 39 | Q45: =IF(ISERROR(VALUE(MID($C$11,$P45,1)))=TRUE,"TEXT",VALUE(MID($C$11,$P45,1))) -> 2 | S45: =IF(Q45=9,0,(IF(R45="Y",Q45-1,2-Q45))) -> 0 | T45: =IF(Q45=1,1,0) -> 0 | U45: =IF(Q45=2,1,0) -> 1 | CG45: A6: | CH45: =IF(CI9+CG23+CG30>=2,1,0) -> 0 | CQ45: C3: | CR45: =IF(SUM(CQ17,CS11)=2,1,0) -> 0 | CV45: C3: | CW45: =IF(SUM(CV18,CV20)=2,1,0) -> 0 | DA45: C3: | DB45: =IF(SUM(DC8,DA14,DA16,DA18)>=3,1,0) -> 0 | DF45: C3: | DG45: =IF(SUM(DF17,DF19,DF20,DF22)=4,1,0) -> 0 | DK45: C3: | DL45: =IF(SUM(DK8+DK9+DK13+DK27)=4,1,0) -> 0 | DP45: C3: | DQ45: =IF(DP9+DP16+DP17=3,1,0) -> 0 | DU45: C3: | DV45: =IF(SUM(DU8,DU11,DU17,DU18)=4,1,0) -> 0 | DZ45: C3: | EA45: =IF(SUM(DZ9,DZ18,DZ19,DZ21,DZ22)=5,1,0) -> 0 | EE45: C3: | EF45: =IF(SUM(EE16,EE18)=2,1,0) -> 0 | EJ45: C3: | EK45: =IF(SUM(EJ10,EJ13,EJ16,EJ19,EJ21,EJ22)>=4,1,0) -> 0 | ET45: 41 | EU45: =VLOOKUP(ET45,$P$7:$U$396,2) -> 2
F46: TRIN | G46: =H46 -> 26 | H46: =$H$11 -> 26 | P46: 40 | Q46: =IF(ISERROR(VALUE(MID($C$11,$P46,1)))=TRUE,"TEXT",VALUE(MID($C$11,$P46,1))) -> 2 | S46: =IF(Q46=9,0,(IF(R46="Y",Q46-1,2-Q46))) -> 0 | T46: =IF(Q46=1,1,0) -> 0 | U46: =IF(Q46=2,1,0) -> 1 | CG46: A7: | CH46: =IF(CG19+CI14+CI15+CG33>=2,1,0) -> 0 | CQ46: C4: | CR46: =IF(SUM(CS8,CQ10,CS9,CQ15,CS10,CQ23,CQ25,CQ31,CQ32)>=4,1,0) -> 0 | CV46: C4: | CW46: =IF(SUM(CX9,CX11,CV16,CV21)>=3,1,0) -> 0 | DA46: C4: | DB46: =IF(SUM(DA17,DA22,DA23)=3,1,0) -> 0 | DF46: C4: | DG46: =IF(SUM(DF13,DF16)=2,1,0) -> 0 | DK46: C4: | DL46: =IF(SUM(DK11+DM9+DM11)=3,1,0) -> 0 | DP46: C4: | DQ46: =IF(DP21=1,1,0) -> 0 | DU46: C4: | DV46: =IF(SUM(DU9,DU12,DU15)=3,1,0) -> 0 | DZ46: C4: | EA46: =IF(SUM(DZ10,DZ16,DZ25)=3,1,0) -> 0 | EE46: C4: | EF46: =IF(SUM(EG12,EG13,EG15,EE20)=4,1,0) -> 0 | EJ46: C5: | EK46: =IF(SUM(EJ11,EL8,EJ20,EJ25)=4,1,0) -> 0 | ET46: 24 | EU46: =VLOOKUP(ET46,$P$7:$U$396,2) -> 2
F47: DRIN | G47: =H47 -> 40 | H47: =$H$12 -> 40 | P47: 41 | Q47: =IF(ISERROR(VALUE(MID($C$11,$P47,1)))=TRUE,"TEXT",VALUE(MID($C$11,$P47,1))) -> 2 | S47: =IF(Q47=9,0,(IF(R47="Y",Q47-1,2-Q47))) -> 0 | T47: =IF(Q47=1,1,0) -> 0 | U47: =IF(Q47=2,1,0) -> 1 | CG47: SUM: | CH47: =SUM(CH40:CH46) -> 0 | CI47: =IF(CH47>=3,"Y","N") -> N | CQ47: C5: | CR47: =IF(SUM(CQ16,CQ20)=2,1,0) -> 0 | CV47: C5: | CW47: =IF(SUM(CV11,CV14)=2,1,0) -> 0 | DA47: C5: | DB47: =IF(SUM(DA9,DA11,DA15,DA25)=4,1,0) -> 0 | DF47: C6: | DG47: =IF(SUM(DF21,DF23)=2,1,0) -> 0 | DK47: C5: | DL47: =IF(SUM(DK16+DK18+DK20)>2,1,0) -> 0 | DP47: C5: | DQ47: =IF(DP18+DP22=2,1,0) -> 0 | DU47: C5: | DV47: =IF(SUM(DU24,DU21)=2,1,0) -> 0 | DZ47: C5: | EA47: =IF(SUM(EB8,EB11)=2,1,0) -> 0 | EE47: C5: | EF47: =IF(SUM(EE11,EE12,EG11)=3,1,0) -> 0 | EJ47: C6: | EK47: =IF(SUM(EJ26,EJ23)=2,1,0) -> 0 | ET47: 96 | EU47: =VLOOKUP(ET47,$P$7:$U$396,2) -> 1
F48: RV | G48: =H48 -> 50 | H48: =$H$13 -> 50 | P48: 42 | Q48: =IF(ISERROR(VALUE(MID($C$11,$P48,1)))=TRUE,"TEXT",VALUE(MID($C$11,$P48,1))) -> 2 | S48: =IF(Q48=9,0,(IF(R48="Y",Q48-1,2-Q48))) -> 0 | T48: =IF(Q48=1,1,0) -> 0 | U48: =IF(Q48=2,1,0) -> 1 | CQ48: C6: | CR48: =IF(SUM(CQ13,CQ26,CQ28)>=2,1,0) -> 0 | CV48: C6: | CW48: =IF(SUM(CV13,CV15)=2,1,0) -> 0 | DA48: C6: | DB48: =IF(SUM(DC9,DC10,DA20,DA24)=4,1,0) -> 0 | DF48: C7: | DG48: =IF(SUM(DF10,DF11,DF24,DF25)=4,1,0) -> 0 | DK48: C6: | DL48: =IF(DM8+DK14=2,1,0) -> 0 | DP48: C6: | DQ48: =IF(DR8+DP14+DP26+DP15=4,1,0) -> 0 | DU48: C6: | DV48: =IF(SUM(DU13,DU10,DU26)=3,1,0) -> 0 | DZ48: C6: | EA48: =IF(SUM(DZ15,DZ17,DZ27)=3,1,0) -> 0 | EE48: C6: | EF48: =IF(SUM(EE19,EG14,EE17)=3,1,0) -> 0 | EJ48: C7: | EK48: =IF(SUM(EL9,EJ29)=2,1,0) -> 0
F49: DEV | G49: =H49 -> 71 | H49: =$H$14 -> 71 | P49: 43 | Q49: =IF(ISERROR(VALUE(MID($C$11,$P49,1)))=TRUE,"TEXT",VALUE(MID($C$11,$P49,1))) -> 2 | S49: =IF(Q49=9,0,(IF(R49="Y",Q49-1,2-Q49))) -> 0 | T49: =IF(Q49=1,1,0) -> 0 | U49: =IF(Q49=2,1,0) -> 1 | CG49: C2: | CH49: =CG21 -> 1 | CQ49: C7: | CR49: =IF(SUM(CQ34,CQ8)=2,1,0) -> 0 | CV49: C7: | CW49: =IF(SUM(CV19)=1,1,0) -> 0 | DA49: C7: | DB49: =IF(SUM(DA19,DA21)=2,1,0) -> 0 | DF49: C8: | DG49: =IF(SUM(DH12,DF15,DF18)=3,1,0) -> 0 | DK49: C7: | DL49: =IF(DK22+DM10=2,1,0) -> 0 | DP49: C7: | DQ49: =IF(DP19+DP20+DP25=3,1,0) -> 0 | DU49: C7: | DV49: =IF(SUM(DU14,DW9,DW10)=3,1,0) -> 0 | DZ49: C7: | EA49: =IF(SUM(DZ24,DZ26)=2,1,0) -> 0 | EE49: C7: | EF49: =IF(SUM(EE8,EE13,EE14,EE15)>=3,1,0) -> 0 | EJ49: C8: | EK49: =IF(SUM(EJ12,EJ17,EL10)=3,1,0) -> 0
F50: BDEV | G50: =H50 -> 48 | H50: =$H$15 -> 48 | P50: 44 | Q50: =IF(ISERROR(VALUE(MID($C$11,$P50,1)))=TRUE,"TEXT",VALUE(MID($C$11,$P50,1))) -> 2 | S50: =IF(Q50=9,0,(IF(R50="Y",Q50-1,2-Q50))) -> 0 | T50: =IF(Q50=1,1,0) -> 0 | U50: =IF(Q50=2,1,0) -> 1 | CG50: C3: | CH50: =CG18 -> 0 | CQ50: C8: | CR50: =IF(SUM(CQ19,CQ22,CQ27,CQ30)>=3,1,0) -> 0 | CV50: C8: | CW50: =IF(SUM(CV9,CV17)=2,1,0) -> 0 | DK50: C8: | DL50: =IF(DK24+DK28=2,1,0) -> 0 | DU50: C8: | DV50: =IF(SUM(DU25,DU23,DU22,DU27)>=3,1,0) -> 0 | EJ50: C9: | EK50: =IF(SUM(EJ24,EJ27)=2,1,0) -> 0
F51: II | G51: =H51 -> 74 | H51: =$H$16 -> 74 | P51: 45 | Q51: =IF(ISERROR(VALUE(MID($C$11,$P51,1)))=TRUE,"TEXT",VALUE(MID($C$11,$P51,1))) -> 2 | R51: Y | S51: =IF(Q51=9,0,(IF(R51="Y",Q51-1,2-Q51))) -> 1 | T51: =IF(Q51=1,1,0) -> 0 | U51: =IF(Q51=2,1,0) -> 1 | CG51: C4: | CH51: =CG28 -> 0 | CQ51: C9: | CR51: =IF(SUM(CQ11,CQ14,CQ18,CQ21,CQ24)>=4,1,0) -> 0 | DK51: C9: | DL51: =IF(DK10+DK15+DK23=3,1,0) -> 0
P52: 46 | Q52: =IF(ISERROR(VALUE(MID($C$11,$P52,1)))=TRUE,"TEXT",VALUE(MID($C$11,$P52,1))) -> 2 | S52: =IF(Q52=9,0,(IF(R52="Y",Q52-1,2-Q52))) -> 0 | T52: =IF(Q52=1,1,0) -> 0 | U52: =IF(Q52=2,1,0) -> 1 | CG52: C5: | CH52: =CG27 -> 0
F53: NT | G53: =H53 -> 40 | H53: =$H$19 -> 40 | P53: 47 | Q53: =IF(ISERROR(VALUE(MID($C$11,$P53,1)))=TRUE,"TEXT",VALUE(MID($C$11,$P53,1))) -> 2 | S53: =IF(Q53=9,0,(IF(R53="Y",Q53-1,2-Q53))) -> 0 | T53: =IF(Q53=1,1,0) -> 0 | U53: =IF(Q53=2,1,0) -> 1 | CG53: C7: | CH53: =CG13 -> 0
F54: MIS | G54: =H54 -> 49 | H54: =$H$20 -> 49 | P54: 48 | Q54: =IF(ISERROR(VALUE(MID($C$11,$P54,1)))=TRUE,"TEXT",VALUE(MID($C$11,$P54,1))) -> 2 | S54: =IF(Q54=9,0,(IF(R54="Y",Q54-1,2-Q54))) -> 0 | T54: =IF(Q54=1,1,0) -> 0 | U54: =IF(Q54=2,1,0) -> 1 | CG54: C8: | CH54: =CG31 -> 0
F55: MAN | G55: =H55 -> 47 | H55: =$H$21 -> 47 | P55: 49 | Q55: =IF(ISERROR(VALUE(MID($C$11,$P55,1)))=TRUE,"TEXT",VALUE(MID($C$11,$P55,1))) -> 2 | S55: =IF(Q55=9,0,(IF(R55="Y",Q55-1,2-Q55))) -> 0 | T55: =IF(Q55=1,1,0) -> 0 | U55: =IF(Q55=2,1,0) -> 1 | CG55: C9: | CH55: =CG8 -> 0
F56: AGG | G56: =H56 -> 58 | H56: =$H$22 -> 58 | P56: 50 | Q56: =IF(ISERROR(VALUE(MID($C$11,$P56,1)))=TRUE,"TEXT",VALUE(MID($C$11,$P56,1))) -> 2 | S56: =IF(Q56=9,0,(IF(R56="Y",Q56-1,2-Q56))) -> 0 | T56: =IF(Q56=1,1,0) -> 0 | U56: =IF(Q56=2,1,0) -> 1 | CG56: C11: | CH56: =CG32 -> 0
F57: SH | G57: =H57 -> 66 | H57: =$H$23 -> 66 | P57: 51 | Q57: =IF(ISERROR(VALUE(MID($C$11,$P57,1)))=TRUE,"TEXT",VALUE(MID($C$11,$P57,1))) -> 2 | S57: =IF(Q57=9,0,(IF(R57="Y",Q57-1,2-Q57))) -> 0 | T57: =IF(Q57=1,1,0) -> 0 | U57: =IF(Q57=2,1,0) -> 1 | CG57: C12: | CH57: =CG9 -> 0
F58: EP | G58: =H58 -> 44 | H58: =$H$26 -> 44 | P58: 52 | Q58: =IF(ISERROR(VALUE(MID($C$11,$P58,1)))=TRUE,"TEXT",VALUE(MID($C$11,$P58,1))) -> 2 | R58: Y | S58: =IF(Q58=9,0,(IF(R58="Y",Q58-1,2-Q58))) -> 1 | T58: =IF(Q58=1,1,0) -> 0 | U58: =IF(Q58=2,1,0) -> 1 | CG58: C13: | CH58: =CG25 -> 0
F59: DEP | G59: =H59 -> 53 | H59: =$H$27 -> 53 | P59: 53 | Q59: =IF(ISERROR(VALUE(MID($C$11,$P59,1)))=TRUE,"TEXT",VALUE(MID($C$11,$P59,1))) -> 1 | S59: =IF(Q59=9,0,(IF(R59="Y",Q59-1,2-Q59))) -> 1 | T59: =IF(Q59=1,1,0) -> 1 | U59: =IF(Q59=2,1,0) -> 0 | CG59: C14: | CH59: =CG20 -> 1
P60: 54 | Q60: =IF(ISERROR(VALUE(MID($C$11,$P60,1)))=TRUE,"TEXT",VALUE(MID($C$11,$P60,1))) -> 2 | S60: =IF(Q60=9,0,(IF(R60="Y",Q60-1,2-Q60))) -> 0 | T60: =IF(Q60=1,1,0) -> 0 | U60: =IF(Q60=2,1,0) -> 1 | CG60: SUM: | CH60: =SUM(CH49:CH59) -> 2 | CI60: =IF(CH60>=3,"Y","N") -> N
F61: PT | G61: =H61 -> 40 | H61: =$H$29 -> 40 | P61: 55 | Q61: =IF(ISERROR(VALUE(MID($C$11,$P61,1)))=TRUE,"TEXT",VALUE(MID($C$11,$P61,1))) -> 1 | S61: =IF(Q61=9,0,(IF(R61="Y",Q61-1,2-Q61))) -> 1 | T61: =IF(Q61=1,1,0) -> 1 | U61: =IF(Q61=2,1,0) -> 0
F62: EXH | G62: =H62 -> 48 | H62: =$H$30 -> 48 | P62: 56 | Q62: =IF(ISERROR(VALUE(MID($C$11,$P62,1)))=TRUE,"TEXT",VALUE(MID($C$11,$P62,1))) -> 2 | S62: =IF(Q62=9,0,(IF(R62="Y",Q62-1,2-Q62))) -> 0 | T62: =IF(Q62=1,1,0) -> 0 | U62: =IF(Q62=2,1,0) -> 1
F63: ENT | G63: =H63 -> 41 | H63: =$H$31 -> 41 | P63: 57 | Q63: =IF(ISERROR(VALUE(MID($C$11,$P63,1)))=TRUE,"TEXT",VALUE(MID($C$11,$P63,1))) -> 2 | S63: =IF(Q63=9,0,(IF(R63="Y",Q63-1,2-Q63))) -> 0 | T63: =IF(Q63=1,1,0) -> 0 | U63: =IF(Q63=2,1,0) -> 1
F64: DET | G64: =H64 -> 49 | H64: =$H$32 -> 49 | P64: 58 | Q64: =IF(ISERROR(VALUE(MID($C$11,$P64,1)))=TRUE,"TEXT",VALUE(MID($C$11,$P64,1))) -> 2 | R64: Y | S64: =IF(Q64=9,0,(IF(R64="Y",Q64-1,2-Q64))) -> 1 | T64: =IF(Q64=1,1,0) -> 0 | U64: =IF(Q64=2,1,0) -> 1
P65: 59 | Q65: =IF(ISERROR(VALUE(MID($C$11,$P65,1)))=TRUE,"TEXT",VALUE(MID($C$11,$P65,1))) -> 1 | S65: =IF(Q65=9,0,(IF(R65="Y",Q65-1,2-Q65))) -> 1 | T65: =IF(Q65=1,1,0) -> 1 | U65: =IF(Q65=2,1,0) -> 0
F66: DIS | G66: =H66 -> 52 | H66: =$H$34 -> 52 | P66: 60 | Q66: =IF(ISERROR(VALUE(MID($C$11,$P66,1)))=TRUE,"TEXT",VALUE(MID($C$11,$P66,1))) -> 2 | S66: =IF(Q66=9,0,(IF(R66="Y",Q66-1,2-Q66))) -> 0 | T66: =IF(Q66=1,1,0) -> 0 | U66: =IF(Q66=2,1,0) -> 1
F67: IMP | G67: =H67 -> 59 | H67: =$H$35 -> 59 | P67: 61 | Q67: =IF(ISERROR(VALUE(MID($C$12,$P67-60,1)))=TRUE,"TEXT",VALUE(MID($C$12,$P67-60,1))) -> 1 | R67: Y | S67: =IF(Q67=9,0,(IF(R67="Y",Q67-1,2-Q67))) -> 0 | T67: =IF(Q67=1,1,0) -> 1 | U67: =IF(Q67=2,1,0) -> 0
F68: PRP | G68: =H68 -> 42 | H68: =$H$36 -> 42 | P68: 62 | Q68: =IF(ISERROR(VALUE(MID($C$12,$P68-60,1)))=TRUE,"TEXT",VALUE(MID($C$12,$P68-60,1))) -> 1 | R68: Y | S68: =IF(Q68=9,0,(IF(R68="Y",Q68-1,2-Q68))) -> 0 | T68: =IF(Q68=1,1,0) -> 1 | U68: =IF(Q68=2,1,0) -> 0
F69: WRK | G69: =H69 -> 46 | H69: =$H$37 -> 46 | P69: 63 | Q69: =IF(ISERROR(VALUE(MID($C$12,$P69-60,1)))=TRUE,"TEXT",VALUE(MID($C$12,$P69-60,1))) -> 2 | R69: Y | S69: =IF(Q69=9,0,(IF(R69="Y",Q69-1,2-Q69))) -> 1 | T69: =IF(Q69=1,1,0) -> 0 | U69: =IF(Q69=2,1,0) -> 1
P70: 64 | Q70: =IF(ISERROR(VALUE(MID($C$12,$P70-60,1)))=TRUE,"TEXT",VALUE(MID($C$12,$P70-60,1))) -> 1 | S70: =IF(Q70=9,0,(IF(R70="Y",Q70-1,2-Q70))) -> 1 | T70: =IF(Q70=1,1,0) -> 1 | U70: =IF(Q70=2,1,0) -> 0
P71: 65 | Q71: =IF(ISERROR(VALUE(MID($C$12,$P71-60,1)))=TRUE,"TEXT",VALUE(MID($C$12,$P71-60,1))) -> 2 | S71: =IF(Q71=9,0,(IF(R71="Y",Q71-1,2-Q71))) -> 0 | T71: =IF(Q71=1,1,0) -> 0 | U71: =IF(Q71=2,1,0) -> 1
P72: 66 | Q72: =IF(ISERROR(VALUE(MID($C$12,$P72-60,1)))=TRUE,"TEXT",VALUE(MID($C$12,$P72-60,1))) -> 2 | S72: =IF(Q72=9,0,(IF(R72="Y",Q72-1,2-Q72))) -> 0 | T72: =IF(Q72=1,1,0) -> 0 | U72: =IF(Q72=2,1,0) -> 1
P73: 67 | Q73: =IF(ISERROR(VALUE(MID($C$12,$P73-60,1)))=TRUE,"TEXT",VALUE(MID($C$12,$P73-60,1))) -> 2 | S73: =IF(Q73=9,0,(IF(R73="Y",Q73-1,2-Q73))) -> 0 | T73: =IF(Q73=1,1,0) -> 0 | U73: =IF(Q73=2,1,0) -> 1
P74: 68 | Q74: =IF(ISERROR(VALUE(MID($C$12,$P74-60,1)))=TRUE,"TEXT",VALUE(MID($C$12,$P74-60,1))) -> 2 | S74: =IF(Q74=9,0,(IF(R74="Y",Q74-1,2-Q74))) -> 0 | T74: =IF(Q74=1,1,0) -> 0 | U74: =IF(Q74=2,1,0) -> 1
F75: PAR | G75: =H75 -> 46 | H75: =L23 -> 46 | P75: 69 | Q75: =IF(ISERROR(VALUE(MID($C$12,$P75-60,1)))=TRUE,"TEXT",VALUE(MID($C$12,$P75-60,1))) -> 2 | S75: =IF(Q75=9,0,(IF(R75="Y",Q75-1,2-Q75))) -> 0 | T75: =IF(Q75=1,1,0) -> 0 | U75: =IF(Q75=2,1,0) -> 1
F76: SZD | G76: =H76 -> 55 | H76: =L24 -> 55 | P76: 70 | Q76: =IF(ISERROR(VALUE(MID($C$12,$P76-60,1)))=TRUE,"TEXT",VALUE(MID($C$12,$P76-60,1))) -> 2 | S76: =IF(Q76=9,0,(IF(R76="Y",Q76-1,2-Q76))) -> 0 | T76: =IF(Q76=1,1,0) -> 0 | U76: =IF(Q76=2,1,0) -> 1
F77: STP | G77: =H77 -> 46 | H77: =L25 -> 46 | P77: 71 | Q77: =IF(ISERROR(VALUE(MID($C$12,$P77-60,1)))=TRUE,"TEXT",VALUE(MID($C$12,$P77-60,1))) -> 2 | S77: =IF(Q77=9,0,(IF(R77="Y",Q77-1,2-Q77))) -> 0 | T77: =IF(Q77=1,1,0) -> 0 | U77: =IF(Q77=2,1,0) -> 1
P78: 72 | Q78: =IF(ISERROR(VALUE(MID($C$12,$P78-60,1)))=TRUE,"TEXT",VALUE(MID($C$12,$P78-60,1))) -> 2 | S78: =IF(Q78=9,0,(IF(R78="Y",Q78-1,2-Q78))) -> 0 | T78: =IF(Q78=1,1,0) -> 0 | U78: =IF(Q78=2,1,0) -> 1
F79: AS | G79: =H79 -> 48 | H79: =L27 -> 48 | P79: 73 | Q79: =IF(ISERROR(VALUE(MID($C$12,$P79-60,1)))=TRUE,"TEXT",VALUE(MID($C$12,$P79-60,1))) -> 2 | R79: Y | S79: =IF(Q79=9,0,(IF(R79="Y",Q79-1,2-Q79))) -> 1 | T79: =IF(Q79=1,1,0) -> 0 | U79: =IF(Q79=2,1,0) -> 1
F80: BDL | G80: =H80 -> 53 | H80: =L28 -> 53 | P80: 74 | Q80: =IF(ISERROR(VALUE(MID($C$12,$P80-60,1)))=TRUE,"TEXT",VALUE(MID($C$12,$P80-60,1))) -> 1 | R80: Y | S80: =IF(Q80=9,0,(IF(R80="Y",Q80-1,2-Q80))) -> 0 | T80: =IF(Q80=1,1,0) -> 1 | U80: =IF(Q80=2,1,0) -> 0
F81: HIS | G81: =H81 -> 41 | H81: =L29 -> 41 | P81: 75 | Q81: =IF(ISERROR(VALUE(MID($C$12,$P81-60,1)))=TRUE,"TEXT",VALUE(MID($C$12,$P81-60,1))) -> 1 | S81: =IF(Q81=9,0,(IF(R81="Y",Q81-1,2-Q81))) -> 1 | T81: =IF(Q81=1,1,0) -> 1 | U81: =IF(Q81=2,1,0) -> 0
F82: NAR | G82: =H82 -> 41 | H82: =L30 -> 41 | P82: 76 | Q82: =IF(ISERROR(VALUE(MID($C$12,$P82-60,1)))=TRUE,"TEXT",VALUE(MID($C$12,$P82-60,1))) -> 2 | S82: =IF(Q82=9,0,(IF(R82="Y",Q82-1,2-Q82))) -> 0 | T82: =IF(Q82=1,1,0) -> 0 | U82: =IF(Q82=2,1,0) -> 1
P83: 77 | Q83: =IF(ISERROR(VALUE(MID($C$12,$P83-60,1)))=TRUE,"TEXT",VALUE(MID($C$12,$P83-60,1))) -> 1 | R83: Y | S83: =IF(Q83=9,0,(IF(R83="Y",Q83-1,2-Q83))) -> 0 | T83: =IF(Q83=1,1,0) -> 1 | U83: =IF(Q83=2,1,0) -> 0
F84: AVD | G84: =H84 -> 44 | H84: =L32 -> 44 | P84: 78 | Q84: =IF(ISERROR(VALUE(MID($C$12,$P84-60,1)))=TRUE,"TEXT",VALUE(MID($C$12,$P84-60,1))) -> 1 | S84: =IF(Q84=9,0,(IF(R84="Y",Q84-1,2-Q84))) -> 1 | T84: =IF(Q84=1,1,0) -> 1 | U84: =IF(Q84=2,1,0) -> 0
F85: DPN | G85: =H85 -> 47 | H85: =L33 -> 47 | P85: 79 | Q85: =IF(ISERROR(VALUE(MID($C$12,$P85-60,1)))=TRUE,"TEXT",VALUE(MID($C$12,$P85-60,1))) -> 2 | S85: =IF(Q85=9,0,(IF(R85="Y",Q85-1,2-Q85))) -> 0 | T85: =IF(Q85=1,1,0) -> 0 | U85: =IF(Q85=2,1,0) -> 1
F86: OC | G86: =H86 -> 41 | H86: =L34 -> 41 | P86: 80 | Q86: =IF(ISERROR(VALUE(MID($C$12,$P86-60,1)))=TRUE,"TEXT",VALUE(MID($C$12,$P86-60,1))) -> 1 | R86: Y | S86: =IF(Q86=9,0,(IF(R86="Y",Q86-1,2-Q86))) -> 0 | T86: =IF(Q86=1,1,0) -> 1 | U86: =IF(Q86=2,1,0) -> 0
P87: 81 | Q87: =IF(ISERROR(VALUE(MID($C$12,$P87-60,1)))=TRUE,"TEXT",VALUE(MID($C$12,$P87-60,1))) -> 2 | S87: =IF(Q87=9,0,(IF(R87="Y",Q87-1,2-Q87))) -> 0 | T87: =IF(Q87=1,1,0) -> 0 | U87: =IF(Q87=2,1,0) -> 1
F88: DPR | G88: =H88 -> 42 | H88: =L36 -> 42 | P88: 82 | Q88: =IF(ISERROR(VALUE(MID($C$12,$P88-60,1)))=TRUE,"TEXT",VALUE(MID($C$12,$P88-60,1))) -> 2 | R88: Y | S88: =IF(Q88=9,0,(IF(R88="Y",Q88-1,2-Q88))) -> 1 | T88: =IF(Q88=1,1,0) -> 0 | U88: =IF(Q88=2,1,0) -> 1
F89: PA | G89: =H89 -> 46 | H89: =L37 -> 46 | P89: 83 | Q89: =IF(ISERROR(VALUE(MID($C$12,$P89-60,1)))=TRUE,"TEXT",VALUE(MID($C$12,$P89-60,1))) -> 1 | R89: Y | S89: =IF(Q89=9,0,(IF(R89="Y",Q89-1,2-Q89))) -> 0 | T89: =IF(Q89=1,1,0) -> 1 | U89: =IF(Q89=2,1,0) -> 0
P90: 84 | Q90: =IF(ISERROR(VALUE(MID($C$12,$P90-60,1)))=TRUE,"TEXT",VALUE(MID($C$12,$P90-60,1))) -> 1 | R90: Y | S90: =IF(Q90=9,0,(IF(R90="Y",Q90-1,2-Q90))) -> 0 | T90: =IF(Q90=1,1,0) -> 1 | U90: =IF(Q90=2,1,0) -> 0
P91: 85 | Q91: =IF(ISERROR(VALUE(MID($C$12,$P91-60,1)))=TRUE,"TEXT",VALUE(MID($C$12,$P91-60,1))) -> 2 | S91: =IF(Q91=9,0,(IF(R91="Y",Q91-1,2-Q91))) -> 0 | T91: =IF(Q91=1,1,0) -> 0 | U91: =IF(Q91=2,1,0) -> 1
P92: 86 | Q92: =IF(ISERROR(VALUE(MID($C$12,$P92-60,1)))=TRUE,"TEXT",VALUE(MID($C$12,$P92-60,1))) -> 2 | S92: =IF(Q92=9,0,(IF(R92="Y",Q92-1,2-Q92))) -> 0 | T92: =IF(Q92=1,1,0) -> 0 | U92: =IF(Q92=2,1,0) -> 1
P93: 87 | Q93: =IF(ISERROR(VALUE(MID($C$12,$P93-60,1)))=TRUE,"TEXT",VALUE(MID($C$12,$P93-60,1))) -> 2 | S93: =IF(Q93=9,0,(IF(R93="Y",Q93-1,2-Q93))) -> 0 | T93: =IF(Q93=1,1,0) -> 0 | U93: =IF(Q93=2,1,0) -> 1
P94: 88 | Q94: =IF(ISERROR(VALUE(MID($C$12,$P94-60,1)))=TRUE,"TEXT",VALUE(MID($C$12,$P94-60,1))) -> 2 | S94: =IF(Q94=9,0,(IF(R94="Y",Q94-1,2-Q94))) -> 0 | T94: =IF(Q94=1,1,0) -> 0 | U94: =IF(Q94=2,1,0) -> 1
P95: 89 | Q95: =IF(ISERROR(VALUE(MID($C$12,$P95-60,1)))=TRUE,"TEXT",VALUE(MID($C$12,$P95-60,1))) -> 1 | R95: Y | S95: =IF(Q95=9,0,(IF(R95="Y",Q95-1,2-Q95))) -> 0 | T95: =IF(Q95=1,1,0) -> 1 | U95: =IF(Q95=2,1,0) -> 0
P96: 90 | Q96: =IF(ISERROR(VALUE(MID($C$12,$P96-60,1)))=TRUE,"TEXT",VALUE(MID($C$12,$P96-60,1))) -> 2 | S96: =IF(Q96=9,0,(IF(R96="Y",Q96-1,2-Q96))) -> 0 | T96: =IF(Q96=1,1,0) -> 0 | U96: =IF(Q96=2,1,0) -> 1
P97: 91 | Q97: =IF(ISERROR(VALUE(MID($C$12,$P97-60,1)))=TRUE,"TEXT",VALUE(MID($C$12,$P97-60,1))) -> 2 | S97: =IF(Q97=9,0,(IF(R97="Y",Q97-1,2-Q97))) -> 0 | T97: =IF(Q97=1,1,0) -> 0 | U97: =IF(Q97=2,1,0) -> 1
P98: 92 | Q98: =IF(ISERROR(VALUE(MID($C$12,$P98-60,1)))=TRUE,"TEXT",VALUE(MID($C$12,$P98-60,1))) -> 2 | S98: =IF(Q98=9,0,(IF(R98="Y",Q98-1,2-Q98))) -> 0 | T98: =IF(Q98=1,1,0) -> 0 | U98: =IF(Q98=2,1,0) -> 1
P99: 93 | Q99: =IF(ISERROR(VALUE(MID($C$12,$P99-60,1)))=TRUE,"TEXT",VALUE(MID($C$12,$P99-60,1))) -> 1 | S99: =IF(Q99=9,0,(IF(R99="Y",Q99-1,2-Q99))) -> 1 | T99: =IF(Q99=1,1,0) -> 1 | U99: =IF(Q99=2,1,0) -> 0
P100: 94 | Q100: =IF(ISERROR(VALUE(MID($C$12,$P100-60,1)))=TRUE,"TEXT",VALUE(MID($C$12,$P100-60,1))) -> 1 | R100: Y | S100: =IF(Q100=9,0,(IF(R100="Y",Q100-1,2-Q100))) -> 0 | T100: =IF(Q100=1,1,0) -> 1 | U100: =IF(Q100=2,1,0) -> 0
P101: 95 | Q101: =IF(ISERROR(VALUE(MID($C$12,$P101-60,1)))=TRUE,"TEXT",VALUE(MID($C$12,$P101-60,1))) -> 2 | S101: =IF(Q101=9,0,(IF(R101="Y",Q101-1,2-Q101))) -> 0 | T101: =IF(Q101=1,1,0) -> 0 | U101: =IF(Q101=2,1,0) -> 1
...

Sheet Data Entry Sheet (2)
AS1: VRIN | AU1: TRIN | AW1: DRIN | AY1: RV | BA1: DEV | BC1: II | BE1: NT | BG1: MIS | BI1: MAN | BK1: AGG | BM1: SH | BO1: LOSE | BQ1: SUPR | BS1: EP | BU1: DEP | BW1: PT | BY1: EXH | CA1: ENT | CC1: DET | CE1: DIS | CG1: IMP | CI1: PRP | CK1: WRK | CM1: ParPD | CQ1: SzdPR | CU1: StpPD | CY1: ASPD | DC1: BPD | DG1: HPD | DK1: NPD | DO1: AvPD | DS1: DpnPD | DW1: OCPD | EA1: DprPD | EE1: PAPD
B2: SNAP-390 Scoring Program (© 2014 Lee Anna Clark & Leonard J. Simms) | AE2: Name | AF2: Number | AG2: Date | AH2: Clinician | AI2: items 1-60 | AJ2: items 61-120 | AK2: items 121-180 | AL2: items 181-240 | AM2: items 241-300 | AN2: items 301-360 | AO2: items 361-390 | AP2: Char err | AQ2: Length err | AR2: Omits | AS2: Raw | AT2: T | AU2: Raw | AV2: T | AW2: Raw | AX2: T | AY2: Raw | AZ2: T | BA2: Raw | BB2: T | BC2: Raw | BD2: T | BE2: Raw | BF2: T | BG2: Raw | BH2: T | BI2: Raw | BJ2: T | BK2: Raw | BL2: T | BM2: Raw | BN2: T | BO2: Raw | BP2: T | BQ2: Raw | BR2: T | BS2: Raw | BT2: T | BU2: Raw | BV2: T | BW2: Raw | BX2: T | BY2: Raw | BZ2: T | CA2: Raw | CB2: T | CC2: Raw | CD2: T | CE2: Raw | CF2: T | CG2: Raw | CH2: T | CI2: Raw | CJ2: T | CK2: Raw | CL2: T | CM2: Raw | CN2: T | CO2: Crit# | CP2: Dx? | CQ2: Raw | CR2: T | CS2: Crit# | CT2: Dx? | CU2: Raw | CV2: T | CW2: Crit# | CX2: Dx? | CY2: Raw | CZ2: T | DA2: Crit# | DB2: Dx? | DC2: Raw | DD2: T | DE2: Crit# | DF2: Dx? | DG2: Raw | DH2: T | DI2: Crit# | DJ2: Dx? | DK2: Raw | DL2: T | DM2: Crit# | DN2: Dx? | DO2: Raw | DP2: T | DQ2: Crit# | DR2: Dx? | DS2: Raw | DT2: T | DU2: Crit# | DV2: Dx? | DW2: Raw | DX2: T | DY2: Crit# | DZ2: Dx? | EA2: Raw | EB2: T | EC2: Crit# | ED2: Dx? | EE2: Raw | EF2: T | EG2: Crit# | EH2: Dx?
B3: v1.1 (July 2003): Scores the 390-item version of SNAP | AE3: =C5 -> Crystal Smith | AF3: =C6 | AG3: =C7 | AH3: =C8 | AI3: =C11 -> 221121221121121111122122112212212111122222211222212121222122 | AJ3: =C12 -> 211112212222121221211111122212212112212112212222221122112222 | AK3: =C13 -> 121121222112221211112222112222122122122122122221212212211221 | AL3: =C14 -> 122122122121122122111122121221122111221221221122222211212122 | AM3: =C15 -> 122122212112211222112211122212121222122112211121212121212212 | AN3: =C16 -> 121112121212122122211212122221221122212121221121211121122212 | AO3: =C17 -> 212111121222121111211222122111 | AP3: =C20 -> 0 | AQ3: =C21 -> 0 | AR3: =C22 -> 0 | AS3: =V10 -> 0 | AT3: =W10 -> 26 | AU3: =V11 -> 16 | AV3: =W11 -> 45 | AW3: =V12 -> 19 | AX3: =W12 -> 50 | AY3: =V13 -> 7 | AZ3: =W13 -> 66 | BA3: =V14 -> 5 | BB3: =W14 -> 62 | BC3: =V16 -> 18 | BD3: =W16 -> 54 | BE3: =V19 -> 25 | BF3: =W19 -> 70 | BG3: =V20 -> 7 | BH3: =W20 -> 56 | BI3: =V21 -> 3 | BJ3: =W21 -> 47 | BK3: =V22 -> 4 | BL3: =W22 -> 52 | BM3: =V23 -> 12 | BN3: =W23 -> 89 | BO3: =V24 -> 7 | BP3: =W24 -> 91 | BQ3: =V25 -> 5 | BR3: =W25 -> 77 | BS3: =V26 -> 0 | BT3: =W26 -> 38 | BU3: =V27 -> 8 | BV3: =W27 -> 63 | BW3: =V29 -> 1 | BX3: =W29 -> 18 | BY3: =V30 -> 0 | BZ3: =W30 -> 32 | CA3: =V31 -> 0 | CB3: =W31 -> 27 | CC3: =V32 -> 13 | CD3: =W32 -> 68 | CE3: =V34 -> 0 | CF3: =W34 -> 34 | CG3: =V35 -> 1 | CH3: =W35 -> 38 | CI3: =V36 -> 18 | CJ3: =W36 -> 64 | CK3: =V37 -> 15 | CL3: =W37 -> 71 | CM3: =Z23 -> 11 | CN3: =AA23 -> 61 | CO3: =AB23 -> 2 | CP3: =AC23 -> N | CQ3: =Z24 -> 14 | CR3: =AA24 -> 75 | CS3: =AB24 -> 3 | CT3: =AC24 -> N | CU3: =Z25 -> 10 | CV3: =AA25 -> 57 | CW3: =AB25 -> 2 | CX3: =AC25 -> N | CY3: =Z27 -> 1 | CZ3: =AA27 -> 38 | DA3: =AB27 -> 0/0 | DB3: =AC27 -> N | DC3: =Z28 -> 9 | DD3: =AA28 -> 55 | DE3: =AB28 -> 1 | DF3: =AC28 -> N | DG3: =Z29 -> 5 | DH3: =AA29 -> 41 | DI3: =AB29 -> 0 | DJ3: =AC29 -> N | DK3: =Z30 -> 3 | DL3: =AA30 -> 33 | DM3: =AB30 -> 0 | DN3: =AC30 -> N | DO3: =Z32 -> 19 | DP3: =AA32 -> 84 | DQ3: =AB32 -> 7 | DR3: =AC32 -> Y | DS3: =Z33 -> 9 | DT3: =AA33 -> 72 | DU3: =AB33 -> 2 | DV3: =AC33 -> N | DW3: =Z34 -> 19 | DX3: =AA34 -> 69 | DY3: =AB34 -> 5 | DZ3: =AC34 -> Y | EA3: =Z36 -> 21 | EB3: =AA36 -> 80 | EC3: =AB36 -> 6 | ED3: =AC36 -> Y | EE3: =Z37 -> 9 | EF3: =AA37 -> 63 | EG3: =AB37 -> 2 | EH3: =AC37 -> N
B5: Client name: | C5: Crystal Smith | U5: SNAP Scoring Summary (v1.1) | AI5: Dx Scales
B6: Clinic number: | V6: Scores | AE6: Item | AF6: Resp | AG6: FK? | AH6: Keyed | AI6: TK | AJ6: FK | AL6: NT | AO6: MIS | AR6: MAN | AU6: AGG | AX6: SH | BA6: LOW SE | BD6: SUI PR | BG6: ECC PERC | BJ6: DEPEN | BM6: PT | BP6: EXHIB | BS6: ENTITL | BV6: DETACH | BY6: IMPUL | CB6: PROP | CE6: WORK | CH6: RV | CK6: DEV | CP6: DIS | CU6: ANTISOCIAL | CZ6: AVOIDANT | DE6: BORDERLINE | DJ6: DEPENDENT | DO6: DEPRESSIVE | DT6: HISTRIONIC | DY6: NARCISSISTIC | ED6: PAG/NEG | EI6: OCPD | EN6: PARANOID | ES6: SCHIZOID | EX6: SCHIZOTYPAL | FC6: VRIN | FI6: TRIN | FO6: DRIN | FX6: BDEV
B7: Date of testing: | V7: Raw | W7: T | AE7: 1 | AF7: =IF(ISERROR(VALUE(MID($C$11,$AE7,1)))=TRUE,"TEXT",VALUE(MID($C$11,$AE7,1))) -> 2 | AH7: =IF(AF7=9,0,(IF(AG7="Y",AF7-1,2-AF7))) -> 0 | AI7: =IF(AF7=1,1,0) -> 0 | AJ7: =IF(AF7=2,1,0) -> 1 | AL7: item | AM7: response | AO7: item | AP7: response | AR7: item | AS7: response | AU7: item | AV7: response | AX7: item | AY7: response | BA7: item | BB7: response | BD7: item | BE7: response | BG7: item | BH7: response | BJ7: item | BK7: response | BM7: item | BN7: response | BP7: item | BQ7: response | BS7: item | BT7: response | BV7: item | BW7: response | BY7: item | BZ7: response | CB7: item | CC7: response | CE7: item | CF7: response | CH7: item | CI7: response | CK7: item-t | CL7: resp | CM7: item-f | CN7: resp | CP7: item-t | CQ7: resp | CR7: item-f | CS7: resp | CU7: item-t | CV7: resp | CW7: item-f | CX7: resp | CZ7: item-t | DA7: resp | DB7: item-f | DC7: resp | DE7: item-t | DF7: resp | DG7: item-f | DH7: resp | DJ7: item-t | DK7: resp | DL7: item-f | DM7: resp | DO7: item-t | DP7: resp | DQ7: item-f | DR7: resp | DT7: item-t | DU7: resp | DV7: item-f | DW7: resp | DY7: item-t | DZ7: resp | EA7: item-f | EB7: resp | ED7: item-t | EE7: resp | EF7: item-f | EG7: resp | EI7: item-t | EJ7: resp | EK7: item-f | EL7: resp | EN7: item-t | EO7: resp | EP7: item-f | EQ7: resp | ES7: item-t | ET7: resp | EU7: item-f | EV7: resp | EX7: item-t | EY7: resp | EZ7: item-f | FA7: resp | FC7: item-1 | FD7: resp | FE7: item-2 | FF7: resp | FG7: inc | FI7: item-t | FJ7: resp | FO7: item-hi | FP7: resp | FQ7: FK? | FR7: kresp | FS7: item-lo | FT7: resp | FU7: FK? | FV7: kresp | FX7: item-t | FY7: resp | FZ7: item-f | GA7: resp
B8: Clinician: | Y8: Client name: | Z8: =C5 -> Crystal Smith | AE8: 2 | AF8: =IF(ISERROR(VALUE(MID($C$11,$AE8,1)))=TRUE,"TEXT",VALUE(MID($C$11,$AE8,1))) -> 2 | AH8: =IF(AF8=9,0,(IF(AG8="Y",AF8-1,2-AF8))) -> 0 | AI8: =IF(AF8=1,1,0) -> 0 | AJ8: =IF(AF8=2,1,0) -> 1 | AL8: 241 | AM8: =VLOOKUP(AL8,$AE$7:$AH$396,4) -> 1 | AO8: 8 | AP8: =VLOOKUP(AO8,$AE$7:$AH$396,4) -> 0 | AR8: 12 | AS8: =VLOOKUP(AR8,$AE$7:$AH$396,4) -> 1 | AU8: 2 | AV8: =VLOOKUP(AU8,$AE$7:$AH$396,4) -> 0 | AX8: 13 | AY8: =VLOOKUP(AX8,$AE$7:$AH$396,4) -> 1 | BA8: 13 | BB8: =VLOOKUP(BA8,$AE$7:$AH$396,4) -> 1 | BD8: 30 | BE8: =VLOOKUP(BD8,$AE$7:$AH$396,4) -> 0 | BG8: 7 | BH8: =VLOOKUP(BG8,$AE$7:$AH$396,4) -> 0 | BJ8: 16 | BK8: =VLOOKUP(BJ8,$AE$7:$AH$396,4) -> 0 | BM8: 211 | BN8: =VLOOKUP(BM8,$AE$7:$AH$396,4) -> 1 | BP8: 6 | BQ8: =VLOOKUP(BP8,$AE$7:$AH$396,4) -> 0 | BS8: 49 | BT8: =VLOOKUP(BS8,$AE$7:$AH$396,4) -> 0 | BV8: 9 | BW8: =VLOOKUP(BV8,$AE$7:$AH$396,4) -> 1 | BY8: 4 | BZ8: =VLOOKUP(BY8,$AE$7:$AH$396,4) -> 0 | CB8: 3 | CC8: =VLOOKUP(CB8,$AE$7:$AH$396,4) -> 1 | CE8: 1 | CF8: =VLOOKUP(CE8,$AE$7:$AH$396,4) -> 0 | CH8: 255 | CI8: =VLOOKUP(CH8,$AE$7:$AH$396,4) -> 1 | CK8: 22 | CL8: =VLOOKUP(CK8,$AE$7:$AJ$396,5) -> 1 | CM8: 3 | CN8: =VLOOKUP(CM8,$AE$7:$AJ$396,6) -> 0 | CP8: 33 | CQ8: =VLOOKUP(CP8,$AE$7:$AJ$396,5) -> 0 | CR8: 4 | CS8: =VLOOKUP(CR8,$AE$7:$AJ$396,6) -> 0 | CU8: 5 | CV8: =VLOOKUP(CU8,$AE$7:$AJ$396,5) -> 0 | CW8: 29 | CX8: =VLOOKUP(CW8,$AE$7:$AJ$396,6) -> 0 | CZ8: 6 | DA8: =VLOOKUP(CZ8,$AE$7:$AJ$396,5) -> 1 | DB8: 74 | DC8: =VLOOKUP(DB8,$AE$7:$AJ$396,6) -> 1 | DE8: 11 | DF8: =VLOOKUP(DE8,$AE$7:$AJ$396,5) -> 0 | DG8: 37 | DH8: =VLOOKUP(DG8,$AE$7:$AJ$396,6) -> 0 | DJ8: 40 | DK8: =VLOOKUP(DJ8,$AE$7:$AJ$396,5) -> 0 | DL8: 16 | DM8: =VLOOKUP(DL8,$AE$7:$AJ$396,6) -> 0 | DO8: 13 | DP8: =VLOOKUP(DO8,$AE$7:$AJ$396,5) -> 1 | DQ8: 161 | DR8: =VLOOKUP(DQ8,$AE$7:$AJ$396,6) -> 1 | DT8: 57 | DU8: =VLOOKUP(DT8,$AE$7:$AJ$396,5) -> 0 | DV8: 19 | DW8: =VLOOKUP(DV8,$AE$7:$AJ$396,6) -> 0 | DY8: 49 | DZ8: =VLOOKUP(DY8,$AE$7:$AJ$396,5) -> 0 | EA8: 25 | EB8: =VLOOKUP(EA8,$AE$7:$AJ$396,6) -> 0 | ED8: 12 | EE8: =VLOOKUP(ED8,$AE$7:$AJ$396,5) -> 1 | EF8: 147 | EG8: =VLOOKUP(EF8,$AE$7:$AJ$396,6) -> 1 | EI8: 18 | EJ8: =VLOOKUP(EI8,$AE$7:$AJ$396,5) -> 1 | EK8: 127 | EL8: =VLOOKUP(EK8,$AE$7:$AJ$396,6) -> 1 | EN8: 8 | EO8: =VLOOKUP(EN8,$AE$7:$AJ$396,5) -> 0 | EP8: 24 | EQ8: =VLOOKUP(EP8,$AE$7:$AJ$396,6) -> 1 | ES8: 11 | ET8: =VLOOKUP(ES8,$AE$7:$AJ$396,5) -> 0 | EU8: 74 | EV8: =VLOOKUP(EU8,$AE$7:$AJ$396,6) -> 1 | EX8: 7 | EY8: =VLOOKUP(EX8,$AE$7:$AJ$396,5) -> 0 | EZ8: 133 | FA8: =VLOOKUP(EZ8,$AE$7:$AJ$396,6) -> 1 | FC8: 27 | FD8: =VLOOKUP(FC8,$AE$7:$AJ$396,2) -> 2 | FE8: 87 | FF8: =VLOOKUP(FE8,$AE$7:$AJ$396,2) -> 2 | FG8: =IF(FD8<>FF8,1,0) -> 0 | FI8: 133 | FJ8: =VLOOKUP(FI8,$AE$7:$AJ$396,2) -> 2 | FO8: 18 | FP8: =VLOOKUP(FO8,$AE$7:$AJ$396,2) -> 1 | FR8: =IF(OR(AND(FP8=1,FQ8<>"Y"),AND(FP8=2,FQ8="Y")),1,0) -> 1 | FS8: 31 | FT8: =VLOOKUP(FS8,$AE$7:$AJ$396,2) -> 2 | FV8: =IF(OR(AND(FT8=1,FU8<>"Y"),AND(FT8=2,FU8="Y")),1,0) -> 0 | FX8: 204 | FY8: =VLOOKUP(FX8,$AE$7:$AJ$396,5) -> 0 | FZ8: 276 | GA8: =VLOOKUP(FZ8,$AE$7:$AJ$396,6) -> 1
U9: Validity Scales | Y9: Clinic number: | Z9: =C6 | AE9: 3 | AF9: =IF(ISERROR(VALUE(MID($C$11,$AE9,1)))=TRUE,"TEXT",VALUE(MID($C$11,$AE9,1))) -> 1 | AH9: =IF(AF9=9,0,(IF(AG9="Y",AF9-1,2-AF9))) -> 1 | AI9: =IF(AF9=1,1,0) -> 1 | AJ9: =IF(AF9=2,1,0) -> 0 | AL9: 244 | AM9: =VLOOKUP(AL9,$AE$7:$AH$396,4) -> 1 | AO9: 14 | AP9: =VLOOKUP(AO9,$AE$7:$AH$396,4) -> 0 | AR9: 25 | AS9: =VLOOKUP(AR9,$AE$7:$AH$396,4) -> 0 | AU9: 17 | AV9: =VLOOKUP(AU9,$AE$7:$AH$396,4) -> 0 | AX9: 30 | AY9: =VLOOKUP(AX9,$AE$7:$AH$396,4) -> 0 | BA9: 77 | BB9: =VLOOKUP(BA9,$AE$7:$AH$396,4) -> 1 | BD9: 65 | BE9: =VLOOKUP(BD9,$AE$7:$AH$396,4) -> 1 | BG9: 20 | BH9: =VLOOKUP(BG9,$AE$7:$AH$396,4) -> 0 | BJ9: 26 | BK9: =VLOOKUP(BJ9,$AE$7:$AH$396,4) -> 0 | BM9: 239 | BN9: =VLOOKUP(BM9,$AE$7:$AH$396,4) -> 0 | BP9: 19 | BQ9: =VLOOKUP(BP9,$AE$7:$AH$396,4) -> 0 | BS9: 71 | BT9: =VLOOKUP(BS9,$AE$7:$AH$396,4) -> 0 | BV9: 11 | BW9: =VLOOKUP(BV9,$AE$7:$AH$396,4) -> 0 | BY9: 37 | BZ9: =VLOOKUP(BY9,$AE$7:$AH$396,4) -> 0 | CB9: 10 | CC9: =VLOOKUP(CB9,$AE$7:$AH$396,4) -> 1 | CE9: 18 | CF9: =VLOOKUP(CE9,$AE$7:$AH$396,4) -> 1 | CH9: 263 | CI9: =VLOOKUP(CH9,$AE$7:$AH$396,4) -> 0 | CK9: 30 | CL9: =VLOOKUP(CK9,$AE$7:$AJ$396,5) -> 0 | CM9: 10 | CN9: =VLOOKUP(CM9,$AE$7:$AJ$396,6) -> 0 | CP9: 57 | CQ9: =VLOOKUP(CP9,$AE$7:$AJ$396,5) -> 0 | CR9: 25 | CS9: =VLOOKUP(CR9,$AE$7:$AJ$396,6) -> 0 | CU9: 23 | CV9: =VLOOKUP(CU9,$AE$7:$AJ$396,5) -> 0 | CW9: 37 | CX9: =VLOOKUP(CW9,$AE$7:$AJ$396,6) -> 0 | CZ9: 15 | DA9: =VLOOKUP(CZ9,$AE$7:$AJ$396,5) -> 1 | DB9: 158 | DC9: =VLOOKUP(DB9,$AE$7:$AJ$396,6) -> 1 | DE9: 21 | DF9: =VLOOKUP(DE9,$AE$7:$AJ$396,5) -> 0 | DG9: 73 | DH9: =VLOOKUP(DG9,$AE$7:$AJ$396,6) -> 0 | DJ9: 55 | DK9: =VLOOKUP(DJ9,$AE$7:$AJ$396,5) -> 0 | DL9: 26 | DM9: =VLOOKUP(DL9,$AE$7:$AJ$396,6) -> 0 | DO9: 67 | DP9: =VLOOKUP(DO9,$AE$7:$AJ$396,5) -> 0 | DQ9: 237 | DR9: =VLOOKUP(DQ9,$AE$7:$AJ$396,6) -> 1 | DT9: 69 | DU9: =VLOOKUP(DT9,$AE$7:$AJ$396,5) -> 0 | DV9: 82 | DW9: =VLOOKUP(DV9,$AE$7:$AJ$396,6) -> 0 | DY9: 51 | DZ9: =VLOOKUP(DY9,$AE$7:$AJ$396,5) -> 0 | EA9: 82 | EB9: =VLOOKUP(EA9,$AE$7:$AJ$396,6) -> 0 | ED9: 21 | EE9: =VLOOKUP(ED9,$AE$7:$AJ$396,5) -> 0 | EI9: 34 | EJ9: =VLOOKUP(EI9,$AE$7:$AJ$396,5) -> 1 | EK9: 170 | EL9: =VLOOKUP(EK9,$AE$7:$AJ$396,6) -> 0 | EN9: 9 | EO9: =VLOOKUP(EN9,$AE$7:$AJ$396,5) -> 1 | EP9: 133 | EQ9: =VLOOKUP(EP9,$AE$7:$AJ$396,6) -> 1 | ES9: 22 | ET9: =VLOOKUP(ES9,$AE$7:$AJ$396,5) -> 1 | EU9: 101 | EV9: =VLOOKUP(EU9,$AE$7:$AJ$396,6) -> 0 | EX9: 14 | EY9: =VLOOKUP(EX9,$AE$7:$AJ$396,5) -> 0 | EZ9: 199 | FA9: =VLOOKUP(EZ9,$AE$7:$AJ$396,6) -> 0 | FC9: 176 | FD9: =VLOOKUP(FC9,$AE$7:$AJ$396,2) -> 1 | FE9: 205 | FF9: =VLOOKUP(FE9,$AE$7:$AJ$396,2) -> 1 | FG9: =IF(FD9<>FF9,1,0) -> 0 | FI9: 224 | FJ9: =VLOOKUP(FI9,$AE$7:$AJ$396,2) -> 2 | FO9: 25 | FP9: =VLOOKUP(FO9,$AE$7:$AJ$396,2) -> 1 | FQ9: Y | FR9: =IF(OR(AND(FP9=1,FQ9<>"Y"),AND(FP9=2,FQ9="Y")),1,0) -> 0 | FS9: 47 | FT9: =VLOOKUP(FS9,$AE$7:$AJ$396,2) -> 2 | FV9: =IF(OR(AND(FT9=1,FU9<>"Y"),AND(FT9=2,FU9="Y")),1,0) -> 0 | FX9: 212 | FY9: =VLOOKUP(FX9,$AE$7:$AJ$396,5) -> 0 | FZ9: 306 | GA9: =VLOOKUP(FZ9,$AE$7:$AJ$396,6) -> 1
B10: Enter Data here (1 = true; 2 = false, 9 = missing) | U10: VRIN | V10: =FF38 -> 0 | W10: =FF39 -> 26 | Y10: Date of testing: | Z10: =C7 | AE10: 4 | AF10: =IF(ISERROR(VALUE(MID($C$11,$AE10,1)))=TRUE,"TEXT",VALUE(MID($C$11,$AE10,1))) -> 1 | AG10: Y | AH10: =IF(AF10=9,0,(IF(AG10="Y",AF10-1,2-AF10))) -> 0 | AI10: =IF(AF10=1,1,0) -> 1 | AJ10: =IF(AF10=2,1,0) -> 0 | AL10: 245 | AM10: =VLOOKUP(AL10,$AE$7:$AH$396,4) -> 0 | AO10: 27 | AP10: =VLOOKUP(AO10,$AE$7:$AH$396,4) -> 0 | AR10: 33 | AS10: =VLOOKUP(AR10,$AE$7:$AH$396,4) -> 0 | AU10: 21 | AV10: =VLOOKUP(AU10,$AE$7:$AH$396,4) -> 0 | AX10: 65 | AY10: =VLOOKUP(AX10,$AE$7:$AH$396,4) -> 1 | BA10: 98 | BB10: =VLOOKUP(BA10,$AE$7:$AH$396,4) -> 1 | BD10: 110 | BE10: =VLOOKUP(BD10,$AE$7:$AH$396,4) -> 1 | BG10: 42 | BH10: =VLOOKUP(BG10,$AE$7:$AH$396,4) -> 0 | BJ10: 36 | BK10: =VLOOKUP(BJ10,$AE$7:$AH$396,4) -> 0 | BM10: 240 | BN10: =VLOOKUP(BM10,$AE$7:$AH$396,4) -> 0 | BP10: 28 | BQ10: =VLOOKUP(BP10,$AE$7:$AH$396,4) -> 0 | BS10: 83 | BT10: =VLOOKUP(BS10,$AE$7:$AH$396,4) -> 0 | BV10: 22 | BW10: =VLOOKUP(BV10,$AE$7:$AH$396,4) -> 1 | BY10: 41 | BZ10: =VLOOKUP(BY10,$AE$7:$AH$396,4) -> 0 | CB10: 32 | CC10: =VLOOKUP(CB10,$AE$7:$AH$396,4) -> 1 | CE10: 29 | CF10: =VLOOKUP(CE10,$AE$7:$AH$396,4) -> 1 | CH10: 271 | CI10: =VLOOKUP(CH10,$AE$7:$AH$396,4) -> 1 | CK10: 142 | CL10: =VLOOKUP(CK10,$AE$7:$AJ$396,5) -> 0 | CM10: 26 | CN10: =VLOOKUP(CM10,$AE$7:$AJ$396,6) -> 0 | CP10: 88 | CQ10: =VLOOKUP(CP10,$AE$7:$AJ$396,5) -> 0 | CR10: 34 | CS10: =VLOOKUP(CR10,$AE$7:$AJ$396,6) -> 0 | CU10: 56 | CV10: =VLOOKUP(CU10,$AE$7:$AJ$396,5) -> 0 | CW10: 73 | CX10: =VLOOKUP(CW10,$AE$7:$AJ$396,6) -> 0 | CZ10: 19 | DA10: =VLOOKUP(CZ10,$AE$7:$AJ$396,5) -> 1 | DE10: 39 | DF10: =VLOOKUP(DE10,$AE$7:$AJ$396,5) -> 0 | DG10: 185 | DH10: =VLOOKUP(DG10,$AE$7:$AJ$396,6) -> 1 | DJ10: 100 | DK10: =VLOOKUP(DJ10,$AE$7:$AJ$396,5) -> 1 | DL10: 36 | DM10: =VLOOKUP(DL10,$AE$7:$AJ$396,6) -> 0 | DO10: 98 | DP10: =VLOOKUP(DO10,$AE$7:$AJ$396,5) -> 1 | DQ10: 253 | DR10: =VLOOKUP(DQ10,$AE$7:$AJ$396,6) -> 1 | DT10: 100 | DU10: =VLOOKUP(DT10,$AE$7:$AJ$396,5) -> 1 | DV10: 83 | DW10: =VLOOKUP(DV10,$AE$7:$AJ$396,6) -> 0 | DY10: 57 | DZ10: =VLOOKUP(DY10,$AE$7:$AJ$396,5) -> 0 | EA10: 350 | EB10: =VLOOKUP(EA10,$AE$7:$AJ$396,6) -> 0 | ED10: 59 | EE10: =VLOOKUP(ED10,$AE$7:$AJ$396,5) -> 0 | EI10: 71 | EJ10: =VLOOKUP(EI10,$AE$7:$AJ$396,5) -> 0 | EK10: 198 | EL10: =VLOOKUP(EK10,$AE$7:$AJ$396,6) -> 1 | EN10: 14 | EO10: =VLOOKUP(EN10,$AE$7:$AJ$396,5) -> 0 | EP10: 147 | EQ10: =VLOOKUP(EP10,$AE$7:$AJ$396,6) -> 1 | ES10: 35 | ET10: =VLOOKUP(ES10,$AE$7:$AJ$396,5) -> 1 | EU10: 182 | EV10: =VLOOKUP(EU10,$AE$7:$AJ$396,6) -> 1 | EX10: 20 | EY10: =VLOOKUP(EX10,$AE$7:$AJ$396,5) -> 0 | EZ10: 218 | FA10: =VLOOKUP(EZ10,$AE$7:$AJ$396,6) -> 1 | FC10: 25 | FD10: =VLOOKUP(FC10,$AE$7:$AJ$396,2) -> 1 | FE10: 200 | FF10: =VLOOKUP(FE10,$AE$7:$AJ$396,2) -> 1 | FG10: =IF(FD10<>FF10,1,0) -> 0 | FI10: 25 | FJ10: =VLOOKUP(FI10,$AE$7:$AJ$396,2) -> 1 | FO10: 49 | FP10: =VLOOKUP(FO10,$AE$7:$AJ$396,2) -> 2 | FR10: =IF(OR(AND(FP10=1,FQ10<>"Y"),AND(FP10=2,FQ10="Y")),1,0) -> 0 | FS10: 54 | FT10: =VLOOKUP(FS10,$AE$7:$AJ$396,2) -> 1 | FV10: =IF(OR(AND(FT10=1,FU10<>"Y"),AND(FT10=2,FU10="Y")),1,0) -> 1 | FX10: 220 | FY10: =VLOOKUP(FX10,$AE$7:$AJ$396,5) -> 0 | FZ10: 308 | GA10: =VLOOKUP(FZ10,$AE$7:$AJ$396,6) -> 1
B11: Items 1-60 | C11: 221121221121121111122122112212212111122222211222212121222122 | U11: TRIN | V11: =FM38 -> 16 | W11: =FM39 -> 45 | Y11: Clinician: | Z11: =C8 | AE11: 5 | AF11: =IF(ISERROR(VALUE(MID($C$11,$AE11,1)))=TRUE,"TEXT",VALUE(MID($C$11,$AE11,1))) -> 2 | AH11: =IF(AF11=9,0,(IF(AG11="Y",AF11-1,2-AF11))) -> 0 | AI11: =IF(AF11=1,1,0) -> 0 | AJ11: =IF(AF11=2,1,0) -> 1 | AL11: 248 | AM11: =VLOOKUP(AL11,$AE$7:$AH$396,4) -> 1 | AO11: 38 | AP11: =VLOOKUP(AO11,$AE$7:$AH$396,4) -> 0 | AR11: 46 | AS11: =VLOOKUP(AR11,$AE$7:$AH$396,4) -> 0 | AU11: 24 | AV11: =VLOOKUP(AU11,$AE$7:$AH$396,4) -> 1 | AX11: 77 | AY11: =VLOOKUP(AX11,$AE$7:$AH$396,4) -> 1 | BA11: 139 | BB11: =VLOOKUP(BA11,$AE$7:$AH$396,4) -> 1 | BD11: 142 | BE11: =VLOOKUP(BD11,$AE$7:$AH$396,4) -> 0 | BG11: 51 | BH11: =VLOOKUP(BG11,$AE$7:$AH$396,4) -> 0 | BJ11: 40 | BK11: =VLOOKUP(BJ11,$AE$7:$AH$396,4) -> 0 | BM11: 242 | BN11: =VLOOKUP(BM11,$AE$7:$AH$396,4) -> 0 | BP11: 45 | BQ11: =VLOOKUP(BP11,$AE$7:$AH$396,4) -> 0 | BS11: 90 | BT11: =VLOOKUP(BS11,$AE$7:$AH$396,4) -> 0 | BV11: 35 | BW11: =VLOOKUP(BV11,$AE$7:$AH$396,4) -> 1 | BY11: 58 | BZ11: =VLOOKUP(BY11,$AE$7:$AH$396,4) -> 0 | CB11: 34 | CC11: =VLOOKUP(CB11,$AE$7:$AH$396,4) -> 1 | CE11: 47 | CF11: =VLOOKUP(CE11,$AE$7:$AH$396,4) -> 0 | CH11: 280 | CI11: =VLOOKUP(CH11,$AE$7:$AH$396,4) -> 0 | CK11: 2 | CL11: =VLOOKUP(CK11,$AE$7:$AJ$396,5) -> 0 | CM11: 49 | CN11: =VLOOKUP(CM11,$AE$7:$AJ$396,6) -> 1 | CP11: 91 | CQ11: =VLOOKUP(CP11,$AE$7:$AJ$396,5) -> 0 | CR11: 37 | CS11: =VLOOKUP(CR11,$AE$7:$AJ$396,6) -> 0 | CU11: 66 | CV11: =VLOOKUP(CU11,$AE$7:$AJ$396,5) -> 0 | CW11: 80 | CX11: =VLOOKUP(CW11,$AE$7:$AJ$396,6) -> 0 | CZ11: 92 | DA11: =VLOOKUP(CZ11,$AE$7:$AJ$396,5) -> 1 | DE11: 42 | DF11: =VLOOKUP(DE11,$AE$7:$AJ$396,5) -> 0 | DG11: 199 | DH11: =VLOOKUP(DG11,$AE$7:$AJ$396,6) -> 0 | DJ11: 123 | DK11: =VLOOKUP(DJ11,$AE$7:$AJ$396,5) -> 1 | DL11: 62 | DM11: =VLOOKUP(DL11,$AE$7:$AJ$396,6) -> 0 | DO11: 115 | DP11: =VLOOKUP(DO11,$AE$7:$AJ$396,5) -> 1 | DT11: 123 | DU11: =VLOOKUP(DT11,$AE$7:$AJ$396,5) -> 1 | DV11: 145 | DW11: =VLOOKUP(DV11,$AE$7:$AJ$396,6) -> 0 | DY11: 69 | DZ11: =VLOOKUP(DY11,$AE$7:$AJ$396,5) -> 0 | EA11: 368 | EB11: =VLOOKUP(EA11,$AE$7:$AJ$396,6) -> 1 | ED11: 107 | EE11: =VLOOKUP(ED11,$AE$7:$AJ$396,5) -> 0 | EI11: 111 | EJ11: =VLOOKUP(EI11,$AE$7:$AJ$396,5) -> 1 | EK11: 228 | EL11: =VLOOKUP(EK11,$AE$7:$AJ$396,6) -> 1 | EN11: 38 | EO11: =VLOOKUP(EN11,$AE$7:$AJ$396,5) -> 0 | EP11: 148 | EQ11: =VLOOKUP(EP11,$AE$7:$AJ$396,6) -> 1 | ES11: 48 | ET11: =VLOOKUP(ES11,$AE$7:$AJ$396,5) -> 0 | EU11: 218 | EV11: =VLOOKUP(EU11,$AE$7:$AJ$396,6) -> 1 | EX11: 38 | EY11: =VLOOKUP(EX11,$AE$7:$AJ$396,5) -> 0 | FC11: 91 | FD11: =VLOOKUP(FC11,$AE$7:$AJ$396,2) -> 2 | FE11: 102 | FF11: =VLOOKUP(FE11,$AE$7:$AJ$396,2) -> 2 | FG11: =IF(FD11<>FF11,1,0) -> 0 | FI11: 105 | FJ11: =VLOOKUP(FI11,$AE$7:$AJ$396,2) -> 2 | FO11: 79 | FP11: =VLOOKUP(FO11,$AE$7:$AJ$396,2) -> 2 | FR11: =IF(OR(AND(FP11=1,FQ11<>"Y"),AND(FP11=2,FQ11="Y")),1,0) -> 0 | FS11: 84 | FT11: =VLOOKUP(FS11,$AE$7:$AJ$396,2) -> 1 | FU11: Y | FV11: =IF(OR(AND(FT11=1,FU11<>"Y"),AND(FT11=2,FU11="Y")),1,0) -> 0 | FX11: 229 | FY11: =VLOOKUP(FX11,$AE$7:$AJ$396,5) -> 0
B12: Items 61-120 | C12: 211112212222121221211111122212212112212112212222221122112222 | U12: DRIN | V12: =FS30 -> 19 | W12: =FS31 -> 50 | AE12: 6 | AF12: =IF(ISERROR(VALUE(MID($C$11,$AE12,1)))=TRUE,"TEXT",VALUE(MID($C$11,$AE12,1))) -> 1 | AG12: Y | AH12: =IF(AF12=9,0,(IF(AG12="Y",AF12-1,2-AF12))) -> 0 | AI12: =IF(AF12=1,1,0) -> 1 | AJ12: =IF(AF12=2,1,0) -> 0 | AL12: 250 | AM12: =VLOOKUP(AL12,$AE$7:$AH$396,4) -> 1 | AO12: 53 | AP12: =VLOOKUP(AO12,$AE$7:$AH$396,4) -> 0 | AR12: 63 | AS12: =VLOOKUP(AR12,$AE$7:$AH$396,4) -> 0 | AU12: 31 | AV12: =VLOOKUP(AU12,$AE$7:$AH$396,4) -> 0 | AX12: 98 | AY12: =VLOOKUP(AX12,$AE$7:$AH$396,4) -> 1 | BA12: 161 | BB12: =VLOOKUP(BA12,$AE$7:$AH$396,4) -> 1 | BD12: 157 | BE12: =VLOOKUP(BD12,$AE$7:$AH$396,4) -> 1 | BG12: 60 | BH12: =VLOOKUP(BG12,$AE$7:$AH$396,4) -> 0 | BJ12: 44 | BK12: =VLOOKUP(BJ12,$AE$7:$AH$396,4) -> 1 | BM12: 249 | BN12: =VLOOKUP(BM12,$AE$7:$AH$396,4) -> 0 | BP12: 57 | BQ12: =VLOOKUP(BP12,$AE$7:$AH$396,4) -> 0 | BS12: 113 | BT12: =VLOOKUP(BS12,$AE$7:$AH$396,4) -> 0 | BV12: 48 | BW12: =VLOOKUP(BV12,$AE$7:$AH$396,4) -> 0 | BY12: 66 | BZ12: =VLOOKUP(BY12,$AE$7:$AH$396,4) -> 0 | CB12: 50 | CC12: =VLOOKUP(CB12,$AE$7:$AH$396,4) -> 1 | CE12: 54 | CF12: =VLOOKUP(CE12,$AE$7:$AH$396,4) -> 1 | CH12: 286 | CI12: =VLOOKUP(CH12,$AE$7:$AH$396,4) -> 1 | CK12: 149 | CL12: =VLOOKUP(CK12,$AE$7:$AJ$396,5) -> 0 | CM12: 52 | CN12: =VLOOKUP(CM12,$AE$7:$AJ$396,6) -> 0 | CP12: 99 | CQ12: =VLOOKUP(CP12,$AE$7:$AJ$396,5) -> 0 | CR12: 124 | CS12: =VLOOKUP(CR12,$AE$7:$AJ$396,6) -> 0 | CU12: 91 | CV12: =VLOOKUP(CU12,$AE$7:$AJ$396,5) -> 0 | CW12: 146 | CX12: =VLOOKUP(CW12,$AE$7:$AJ$396,6) -> 0 | CZ12: 196 | DA12: =VLOOKUP(CZ12,$AE$7:$AJ$396,5) -> 1 | DE12: 55 | DF12: =VLOOKUP(DE12,$AE$7:$AJ$396,5) -> 0 | DJ12: 197 | DK12: =VLOOKUP(DJ12,$AE$7:$AJ$396,5) -> 0 | DL12: 84 | DM12: =VLOOKUP(DL12,$AE$7:$AJ$396,6) -> 0 | DO12: 139 | DP12: =VLOOKUP(DO12,$AE$7:$AJ$396,5) -> 1 | DT12: 169 | DU12: =VLOOKUP(DT12,$AE$7:$AJ$396,5) -> 0 | DV12: 207 | DW12: =VLOOKUP(DV12,$AE$7:$AJ$396,6) -> 0 | DY12: 108 | DZ12: =VLOOKUP(DY12,$AE$7:$AJ$396,5) -> 0 | ED12: 186 | EE12: =VLOOKUP(ED12,$AE$7:$AJ$396,5) -> 0 | EI12: 124 | EJ12: =VLOOKUP(EI12,$AE$7:$AJ$396,5) -> 1 | EK12: 329 | EL12: =VLOOKUP(EK12,$AE$7:$AJ$396,6) -> 1 | EN12: 53 | EO12: =VLOOKUP(EN12,$AE$7:$AJ$396,5) -> 0 | ES12: 140 | ET12: =VLOOKUP(ES12,$AE$7:$AJ$396,5) -> 1 | EU12: 239 | EV12: =VLOOKUP(EU12,$AE$7:$AJ$396,6) -> 1 | EX12: 48 | EY12: =VLOOKUP(EX12,$AE$7:$AJ$396,5) -> 0 | FC12: 157 | FD12: =VLOOKUP(FC12,$AE$7:$AJ$396,2) -> 1 | FE12: 190 | FF12: =VLOOKUP(FE12,$AE$7:$AJ$396,2) -> 1 | FG12: =IF(FD12<>FF12,1,0) -> 0 | FI12: 129 | FJ12: =VLOOKUP(FI12,$AE$7:$AJ$396,2) -> 2 | FO12: 93 | FP12: =VLOOKUP(FO12,$AE$7:$AJ$396,2) -> 2 | FR12: =IF(OR(AND(FP12=1,FQ12<>"Y"),AND(FP12=2,FQ12="Y")),1,0) -> 0 | FS12: 91 | FT12: =VLOOKUP(FS12,$AE$7:$AJ$396,2) -> 2 | FV12: =IF(OR(AND(FT12=1,FU12<>"Y"),AND(FT12=2,FU12="Y")),1,0) -> 0 | FX12: 230 | FY12: =VLOOKUP(FX12,$AE$7:$AJ$396,5) -> 0
